t,x1(t),x2(t),v1(t),v2(t),p1(t),p2(t),F1(t),F2(t)
0.02,0,-10,0,0,0,0,0,0
0.04,0.0003999999,-10,0.02,0,0.04,0,0.9999999,0
0.06,0.0012,-10,0.04,0,0.07999999,0,1.333333,0
0.08,0.0024,-10,0.05999999,0,0.12,0,1.5,0
0.09999999,0.003999999,-10,0.07999999,0,0.16,0,1.6,0
0.12,0.005999999,-10,0.09999999,0,0.2,0,1.666667,0
0.14,0.008399999,-10,0.12,0,0.24,0,1.714286,0
0.16,0.0112,-10,0.14,0,0.28,0,1.75,0
0.18,0.0144,-10,0.16,0,0.32,0,1.777778,0
0.2,0.018,-10,0.18,0,0.36,0,1.8,0
0.22,0.022,-10,0.2,0,0.3999999,0,1.818182,0
0.24,0.0264,-10,0.22,0,0.4399999,0,1.833333,0
0.26,0.0312,-10,0.24,0,0.4799999,0,1.846154,0
0.28,0.03639999,-10,0.26,0,0.5199999,0,1.857143,0
0.3,0.04199999,-10,0.28,0,0.5599999,0,1.866667,0
0.32,0.04799999,-10,0.3,0,0.6,0,1.875,0
0.34,0.05439999,-10,0.32,0,0.64,0,1.882353,0
0.36,0.06119999,-10,0.34,0,0.68,0,1.888889,0
0.38,0.0684,-10,0.36,0,0.72,0,1.894737,0
0.4,0.076,-10,0.38,0,0.7600001,0,1.9,0
0.42,0.084,-10,0.4,0,0.8000001,0,1.904762,0
0.4400001,0.0924,-10,0.42,0,0.8400001,0,1.909091,0
0.4600001,0.1012,-10,0.4400001,0,0.8800001,0,1.913043,0
0.4800001,0.1104,-10,0.4600001,0,0.9200001,0,1.916667,0
0.5000001,0.12,-10,0.4800001,0,0.9600002,0,1.92,0
0.52,0.13,-10,0.5000001,0,1,0,1.923077,0
0.54,0.1404,-10,0.52,0,1.04,0,1.925926,0
0.56,0.1512,-10,0.54,0,1.08,0,1.928571,0
0.58,0.1624,-10,0.56,0,1.12,0,1.931035,0
0.6,0.174,-10,0.58,0,1.16,0,1.933333,0
0.6199999,0.186,-10,0.6,0,1.2,0,1.935484,0
0.6399999,0.1984,-10,0.6199999,0,1.24,0,1.9375,0
0.6599999,0.2112,-10,0.6399999,0,1.28,0,1.939394,0
0.6799999,0.2244,-10,0.6599999,0,1.32,0,1.941177,0
0.6999999,0.238,-10,0.6799999,0,1.36,0,1.942857,0
0.7199998,0.252,-10,0.6999999,0,1.4,0,1.944445,0
0.7399998,0.2664,-10,0.7199998,0,1.44,0,1.945946,0
0.7599998,0.2812,-10,0.7399998,0,1.48,0,1.947369,0
0.7799998,0.2964,-10,0.7599998,0,1.52,0,1.948718,0
0.7999998,0.3119999,-10,0.7799998,0,1.56,0,1.95,0
0.8199998,0.3279999,-10,0.7999998,0,1.6,0,1.95122,0
0.8399997,0.3443999,-10,0.8199998,0,1.64,0,1.952381,0
0.8599997,0.3611999,-10,0.8399997,0,1.679999,0,1.953488,0
0.8799997,0.3783999,-10,0.8599997,0,1.719999,0,1.954545,0
0.8999997,0.3959999,-10,0.8799997,0,1.759999,0,1.955556,0
0.9199997,0.4139999,-10,0.8999997,0,1.799999,0,1.956522,0
0.9399996,0.4323999,-10,0.9199997,0,1.839999,0,1.957447,0
0.9599996,0.4511999,-10,0.9399996,0,1.879999,0,1.958333,0
0.9799996,0.4703999,-10,0.9599996,0,1.919999,0,1.959184,0
0.9999996,0.4899999,-10,0.9799996,0,1.959999,0,1.96,0
1.02,0.5099999,-10,0.9999996,0,1.999999,0,1.960784,0
1.04,0.5303999,-10,1.02,0,2.039999,0,1.961538,0
1.06,0.5511999,-10,1.04,0,2.079999,0,1.962264,0
1.08,0.5723999,-10,1.06,0,2.119999,0,1.962963,0
1.1,0.5939999,-10,1.08,0,2.159999,0,1.963636,0
1.12,0.6159999,-10,1.1,0,2.199999,0,1.964286,0
1.14,0.6383998,-10,1.12,0,2.239999,0,1.964912,0
1.159999,0.6611998,-10,1.14,0,2.279999,0,1.965517,0
1.179999,0.6843998,-10,1.159999,0,2.319999,0,1.966102,0
1.199999,0.7079998,-10,1.179999,0,2.359999,0,1.966667,0
1.219999,0.7319998,-10,1.199999,0,2.399999,0,1.967213,0
1.239999,0.7563998,-10,1.219999,0,2.439999,0,1.967742,0
1.259999,0.7811998,-10,1.239999,0,2.479999,0,1.968254,0
1.279999,0.8063998,-10,1.259999,0,2.519999,0,1.96875,0
1.299999,0.8319998,-10,1.279999,0,2.559999,0,1.969231,0
1.319999,0.8579997,-10,1.299999,0,2.599999,0,1.969697,0
1.339999,0.8843997,-10,1.319999,0,2.639999,0,1.970149,0
1.359999,0.9111997,-10,1.339999,0,2.679999,0,1.970588,0
1.379999,0.9383997,-10,1.359999,0,2.719999,0,1.971014,0
1.399999,0.9659997,-10,1.379999,0,2.759999,0,1.971429,0
1.419999,0.9939997,-10,1.399999,0,2.799999,0,1.971831,0
1.439999,1.0224,-10,1.419999,0,2.839998,0,1.972222,0
1.459999,1.0512,-10,1.439999,0,2.879998,0,1.972603,0
1.479999,1.0804,-10,1.459999,0,2.919998,0,1.972973,0
1.499999,1.11,-10,1.479999,0,2.959998,0,1.973333,0
1.519999,1.14,-10,1.499999,0,2.999998,0,1.973684,0
1.539999,1.1704,-10,1.519999,0,3.039998,0,1.974026,0
1.559999,1.2012,-10,1.539999,0,3.079998,0,1.974359,0
1.579999,1.2324,-10,1.559999,0,3.119998,0,1.974684,0
1.599999,1.264,-10,1.579999,0,3.159998,0,1.975,0
1.619999,1.296,-10,1.599999,0,3.199998,0,1.975309,0
1.639999,1.3284,-10,1.619999,0,3.239998,0,1.97561,0
1.659999,1.361199,-10,1.639999,0,3.279998,0,1.975904,0
1.679999,1.3944,-10,1.659999,0,3.319998,0,1.97619,0
1.699999,1.427999,-10,1.679999,0,3.359998,0,1.976471,0
1.719999,1.461999,-10,1.699999,0,3.399998,0,1.976744,0
1.739999,1.496399,-10,1.719999,0,3.439998,0,1.977012,0
1.759999,1.531199,-10,1.739999,0,3.479998,0,1.977273,0
1.779999,1.566399,-10,1.759999,0,3.519998,0,1.977528,0
1.799999,1.601999,-10,1.779999,0,3.559998,0,1.977778,0
1.819999,1.637999,-10,1.799999,0,3.599998,0,1.978022,0
1.839999,1.674399,-10,1.819999,0,3.639998,0,1.978261,0
1.859999,1.711199,-10,1.839999,0,3.679998,0,1.978495,0
1.879999,1.748399,-10,1.859999,0,3.719998,0,1.978723,0
1.899999,1.785999,-10,1.879999,0,3.759998,0,1.978947,0
1.919999,1.823999,-10,1.899999,0,3.799998,0,1.979167,0
1.939999,1.862399,-10,1.919999,0,3.839998,0,1.979381,0
1.959999,1.901199,-10,1.939999,0,3.879997,0,1.979592,0
1.979999,1.940399,-10,1.959999,0,3.919997,0,1.979798,0
1.999999,1.979999,-10,1.979999,0,3.959997,0,1.98,0
2.019999,2.019999,-10,1.999999,0,3.999997,0,1.980198,0
2.039999,2.060399,-10,2.019999,0,4.039998,0,1.980392,0
2.059999,2.100799,-10,2.019999,0,4.039998,0,1.961165,0
2.079999,2.141199,-10,2.019999,0,4.039998,0,1.942308,0
2.099999,2.181599,-10,2.019999,0,4.039998,0,1.92381,0
2.119999,2.221999,-10,2.019999,0,4.039998,0,1.90566,0
2.139999,2.262399,-10,2.019999,0,4.039998,0,1.887851,0
2.159999,2.302799,-10,2.019999,0,4.039998,0,1.87037,0
2.179999,2.343199,-10,2.019999,0,4.039998,0,1.853211,0
2.199999,2.383599,-10,2.019999,0,4.039998,0,1.836364,0
2.219999,2.423999,-10,2.019999,0,4.039998,0,1.81982,0
2.239999,2.464399,-10,2.019999,0,4.039998,0,1.803571,0
2.259999,2.504799,-10,2.019999,0,4.039998,0,1.787611,0
2.279999,2.545199,-10,2.019999,0,4.039998,0,1.77193,0
2.299999,2.585599,-10,2.019999,0,4.039998,0,1.756522,0
2.319999,2.625999,-10,2.019999,0,4.039998,0,1.741379,0
2.339998,2.666399,-10,2.019999,0,4.039998,0,1.726496,0
2.359998,2.7068,-10,2.019999,0,4.039998,0,1.711864,0
2.379998,2.7472,-10,2.019999,0,4.039998,0,1.697479,0
2.399998,2.7876,-10,2.019999,0,4.039998,0,1.683333,0
2.419998,2.828,-10,2.019999,0,4.039998,0,1.669422,0
2.439998,2.8684,-10,2.019999,0,4.039998,0,1.655738,0
2.459998,2.9088,-10,2.019999,0,4.039998,0,1.642277,0
2.479998,2.9492,-10,2.019999,0,4.039998,0,1.629032,0
2.499998,2.9896,-10,2.019999,0,4.039998,0,1.616,0
2.519998,3.03,-10,2.019999,0,4.039998,0,1.603175,0
2.539998,3.0704,-10,2.019999,0,4.039998,0,1.590551,0
2.559998,3.1108,-10,2.019999,0,4.039998,0,1.578125,0
2.579998,3.1512,-10,2.019999,0,4.039998,0,1.565892,0
2.599998,3.1916,-10,2.019999,0,4.039998,0,1.553846,0
2.619998,3.232,-10,2.019999,0,4.039998,0,1.541985,0
2.639998,3.2724,-10,2.019999,0,4.039998,0,1.530303,0
2.659998,3.3128,-10,2.019999,0,4.039998,0,1.518797,0
2.679998,3.3532,-10,2.019999,0,4.039998,0,1.507463,0
2.699998,3.3936,-10,2.019999,0,4.039998,0,1.496296,0
2.719998,3.434,-10,2.019999,0,4.039998,0,1.485294,0
2.739998,3.4744,-10,2.019999,0,4.039998,0,1.474453,0
2.759998,3.5148,-10,2.019999,0,4.039998,0,1.463768,0
2.779998,3.5552,-10,2.019999,0,4.039998,0,1.453238,0
2.799998,3.5956,-10,2.019999,0,4.039998,0,1.442857,0
2.819998,3.636,-10,2.019999,0,4.039998,0,1.432624,0
2.839998,3.6764,-10,2.019999,0,4.039998,0,1.422535,0
2.859998,3.7168,-10,2.019999,0,4.039998,0,1.412588,0
2.879998,3.7572,-10,2.019999,0,4.039998,0,1.402778,0
2.899998,3.7976,-10,2.019999,0,4.039998,0,1.393104,0
2.919998,3.838,-10,2.019999,0,4.039998,0,1.383562,0
2.939998,3.8784,-10,2.019999,0,4.039998,0,1.37415,0
2.959998,3.9188,-10,2.019999,0,4.039998,0,1.364865,0
2.979998,3.9592,-10,2.019999,0,4.039998,0,1.355705,0
2.999998,3.9996,-10,2.019999,0,4.039998,0,1.346667,0
3.019998,4.04,-10,2.019999,0,4.039998,0,1.337749,0
3.039998,4.0804,-10,2.019999,0,4.039998,0,1.328948,0
3.059998,4.1208,-10,2.019999,0,4.039998,0,1.320262,0
3.079998,4.161201,-10,2.019999,0,4.039998,0,1.311688,0
3.099998,4.201601,-10,2.019999,0,4.039998,0,1.303226,0
3.119998,4.242001,-10,2.019999,0,4.039998,0,1.294872,0
3.139998,4.282401,-10,2.019999,0,4.039998,0,1.286624,0
3.159998,4.322801,-10,2.019999,0,4.039998,0,1.278481,0
3.179998,4.363201,-10,2.019999,0,4.039998,0,1.27044,0
3.199998,4.403601,-10,2.019999,0,4.039998,0,1.2625,0
3.219998,4.444001,-10,2.019999,0,4.039998,0,1.254659,0
3.239998,4.484401,-10,2.019999,0,4.039998,0,1.246914,0
3.259998,4.524801,-10,2.019999,0,4.039998,0,1.239264,0
3.279998,4.565201,-10,2.019999,0,4.039998,0,1.231707,0
3.299998,4.605601,-10,2.019999,0,4.039998,0,1.224243,0
3.319998,4.646001,-10,2.019999,0,4.039998,0,1.216868,0
3.339998,4.686401,-10,2.019999,0,4.039998,0,1.209581,0
3.359998,4.726801,-10,2.019999,0,4.039998,0,1.202381,0
3.379997,4.767201,-10,2.019999,0,4.039998,0,1.195266,0
3.399997,4.807601,-10,2.019999,0,4.039998,0,1.188236,0
3.419997,4.848001,-10,2.019999,0,4.039998,0,1.181287,0
3.439997,4.888401,-10,2.019999,0,4.039998,0,1.174419,0
3.459997,4.928801,-10,2.019999,0,4.039998,0,1.16763,0
3.479997,4.969201,-10,2.019999,0,4.039998,0,1.16092,0
3.499997,5.009601,-10,2.019999,0,4.039998,0,1.154286,0
3.519997,5.050001,-10,2.019999,0,4.039998,0,1.147727,0
3.539997,5.090401,-10,2.019999,0,4.039998,0,1.141243,0
3.559997,5.130801,-10,2.019999,0,4.039998,0,1.134832,0
3.579997,5.171201,-10,2.019999,0,4.039998,0,1.128492,0
3.599997,5.211601,-10,2.019999,0,4.039998,0,1.122222,0
3.619997,5.252001,-10,2.019999,0,4.039998,0,1.116022,0
3.639997,5.292401,-10,2.019999,0,4.039998,0,1.10989,0
3.659997,5.332801,-10,2.019999,0,4.039998,0,1.103825,0
3.679997,5.373201,-10,2.019999,0,4.039998,0,1.097826,0
3.699997,5.413601,-10,2.019999,0,4.039998,0,1.091892,0
3.719997,5.454001,-10,2.019999,0,4.039998,0,1.086022,0
3.739997,5.494401,-10,2.019999,0,4.039998,0,1.080214,0
3.759997,5.534801,-10,2.019999,0,4.039998,0,1.074468,0
3.779997,5.575202,-10,2.019999,0,4.039998,0,1.068783,0
3.799997,5.615602,-10,2.019999,0,4.039998,0,1.063158,0
3.819997,5.656002,-10,2.019999,0,4.039998,0,1.057592,0
3.839997,5.696402,-10,2.019999,0,4.039998,0,1.052083,0
3.859997,5.736802,-10,2.019999,0,4.039998,0,1.046632,0
3.879997,5.777202,-10,2.019999,0,4.039998,0,1.041237,0
3.899997,5.817602,-10,2.019999,0,4.039998,0,1.035898,0
3.919997,5.858002,-10,2.019999,0,4.039998,0,1.030612,0
3.939997,5.898402,-10,2.019999,0,4.039998,0,1.025381,0
3.959997,5.938802,-10,2.019999,0,4.039998,0,1.020202,0
3.979997,5.979202,-10,2.019999,0,4.039998,0,1.015076,0
3.999997,6.019602,-10,2.019999,0,4.039998,0,1.01,0
4.019997,6.060002,-10,2.019999,0,4.039998,0,1.004975,0
4.039997,6.100402,-10,2.019999,0,4.039998,0,1,0
4.059997,6.140802,-10,2.019999,0,4.039998,0,0.995074,0
4.079997,6.181202,-10,2.019999,0,4.039998,0,0.9901962,0
4.099997,6.221602,-10,2.019999,0,4.039998,0,0.985366,0
4.119997,6.262002,-10,2.019999,0,4.039998,0,0.9805827,0
4.139997,6.302402,-10,2.019999,0,4.039998,0,0.9758455,0
4.159997,6.342802,-10,2.019999,0,4.039998,0,0.971154,0
4.179997,6.383202,-10,2.019999,0,4.039998,0,0.9665073,0
4.199997,6.423602,-10,2.019999,0,4.039998,0,0.9619049,0
4.219997,6.464002,-10,2.019999,0,4.039998,0,0.9573461,0
4.239997,6.504402,-10,2.019999,0,4.039998,0,0.9528303,0
4.259997,6.544802,-10,2.019999,0,4.039998,0,0.9483569,0
4.279997,6.585202,-10,2.019999,0,4.039998,0,0.9439254,0
4.299997,6.625602,-10,2.019999,0,4.039998,0,0.939535,0
4.319997,6.666002,-10,2.019999,0,4.039998,0,0.9351853,0
4.339997,6.706402,-10,2.019999,0,4.039998,0,0.9308757,0
4.359997,6.746802,-10,2.019999,0,4.039998,0,0.9266056,0
4.379997,6.787202,-10,2.019999,0,4.039998,0,0.9223745,0
4.399997,6.827602,-10,2.019999,0,4.039998,0,0.918182,0
4.419997,6.868002,-10,2.019999,0,4.039998,0,0.9140273,0
4.439997,6.908402,-10,2.019999,0,4.039998,0,0.90991,0
4.459997,6.948802,-10,2.019999,0,4.039998,0,0.9058297,0
4.479997,6.989202,-10,2.019999,0,4.039998,0,0.9017859,0
4.499997,7.029603,-10,2.019999,0,4.039998,0,0.8977779,0
4.519997,7.070003,-10,2.019999,0,4.039998,0,0.8938054,0
4.539997,7.110403,-10,2.019999,0,4.039998,0,0.889868,0
4.559997,7.150803,-10,2.019999,0,4.039998,0,0.885965,0
4.579997,7.191203,-10,2.019999,0,4.039998,0,0.8820962,0
4.599997,7.231603,-10,2.019999,0,4.039998,0,0.878261,0
4.619997,7.272003,-10,2.019999,0,4.039998,0,0.874459,0
4.639997,7.312403,-10,2.019999,0,4.039998,0,0.8706898,0
4.659997,7.352803,-10,2.019999,0,4.039998,0,0.8669529,0
4.679996,7.393203,-10,2.019999,0,4.039998,0,0.863248,0
4.699996,7.433603,-10,2.019999,0,4.039998,0,0.8595746,0
4.719996,7.474003,-10,2.019999,0,4.039998,0,0.8559324,0
4.739996,7.514403,-10,2.019999,0,4.039998,0,0.8523208,0
4.759996,7.554803,-10,2.019999,0,4.039998,0,0.8487396,0
4.779996,7.595203,-10,2.019999,0,4.039998,0,0.8451884,0
4.799996,7.635603,-10,2.019999,0,4.039998,0,0.8416668,0
4.819996,7.676003,-10,2.019999,0,4.039998,0,0.8381744,0
4.839996,7.716403,-10,2.019999,0,4.039998,0,0.8347109,0
4.859996,7.756803,-10,2.019999,0,4.039998,0,0.8312759,0
4.879996,7.797203,-10,2.019999,0,4.039998,0,0.827869,0
4.899996,7.837603,-10,2.019999,0,4.039998,0,0.82449,0
4.919996,7.878003,-10,2.019999,0,4.039998,0,0.8211383,0
4.939996,7.918403,-10,2.019999,0,4.039998,0,0.8178139,0
4.959996,7.958803,-10,2.019999,0,4.039998,0,0.8145162,0
4.979996,7.999203,-10,2.019999,0,4.039998,0,0.8112451,0
4.999996,8.039603,-10,2.019999,0,4.039998,0,0.8080001,0
5.019996,8.080003,-10,2.019999,0,4.039998,0,0.804781,0
5.039996,8.120402,-10,2.019999,0,4.039998,0,0.8015875,0
5.059996,8.160802,-10,2.019999,0,4.039998,0,0.7984191,0
5.079996,8.201201,-10,2.019999,0,4.039998,0,0.7952757,0
5.099996,8.241601,-10,2.019999,0,4.039998,0,0.792157,0
5.119996,8.282001,-10,2.019999,0,4.039998,0,0.7890626,0
5.139996,8.3224,-10,2.019999,0,4.039998,0,0.7859923,0
5.159996,8.3628,-10,2.019999,0,4.039998,0,0.7829459,0
5.179996,8.403199,-10,2.019999,0,4.039998,0,0.7799229,0
5.199996,8.443599,-10,2.019999,0,4.039998,0,0.7769232,0
5.219996,8.483998,-10,2.019999,0,4.039998,0,0.7739465,0
5.239996,8.524398,-10,2.019999,0,4.039998,0,0.7709925,0
5.259996,8.564797,-10,2.019999,0,4.039998,0,0.768061,0
5.279996,8.605197,-10,2.019999,0,4.039998,0,0.7651516,0
5.299996,8.645597,-10,2.019999,0,4.039998,0,0.7622643,0
5.319996,8.685996,-10,2.019999,0,4.039998,0,0.7593986,0
5.339996,8.726396,-10,2.019999,0,4.039998,0,0.7565544,0
5.359996,8.766795,-10,2.019999,0,4.039998,0,0.7537315,0
5.379996,8.807195,-10,2.019999,0,4.039998,0,0.7509295,0
5.399996,8.847594,-10,2.019999,0,4.039998,0,0.7481483,0
5.419996,8.887994,-10,2.019999,0,4.039998,0,0.7453876,0
5.439996,8.928393,-10,2.019999,0,4.039998,0,0.7426472,0
5.459996,8.968793,-10,2.019999,0,4.039998,0,0.7399269,0
5.479996,9.009192,-10,2.019999,0,4.039998,0,0.7372264,0
5.499996,9.049592,-10,2.019999,0,4.039998,0,0.7345456,0
5.519996,9.089992,-10,2.019999,0,4.039998,0,0.7318842,0
5.539996,9.130391,-10,2.019999,0,4.039998,0,0.729242,0
5.559996,9.170791,-10,2.019999,0,4.039998,0,0.7266188,0
5.579996,9.21119,-10,2.019999,0,4.039998,0,0.7240145,0
5.599996,9.25159,-10,2.019999,0,4.039998,0,0.7214287,0
5.619996,9.291989,-10,2.019999,0,4.039998,0,0.7188613,0
5.639996,9.332389,-10,2.019999,0,4.039998,0,0.7163122,0
5.659996,9.372788,-10,2.019999,0,4.039998,0,0.7137811,0
5.679996,9.413188,-10,2.019999,0,4.039998,0,0.7112677,0
5.699996,9.453588,-10,2.019999,0,4.039998,0,0.7087721,0
5.719995,9.493987,-10,2.019999,0,4.039998,0,0.7062938,0
5.739995,9.534387,-10,2.019999,0,4.039998,0,0.7038329,0
5.759995,9.574786,-10,2.019999,0,4.039998,0,0.701389,0
5.779995,9.615186,-10,2.019999,0,4.039998,0,0.6989621,0
5.799995,9.655585,-10,2.019999,0,4.039998,0,0.6965519,0
5.819995,9.695985,-10,2.019999,0,4.039998,0,0.6941582,0
5.839995,9.736384,-10,2.019999,0,4.039998,0,0.6917809,0
5.859995,9.776784,-10,2.019999,0,4.039998,0,0.6894199,0
5.879995,9.817183,-10,2.019999,0,4.039998,0,0.687075,0
5.899995,9.857583,-10,2.019999,0,4.039998,0,0.6847459,0
5.919995,9.897983,-10,2.019999,0,4.039998,0,0.6824326,0
5.939995,9.938382,-10,2.019999,0,4.039998,0,0.6801348,0
5.959995,9.978782,-10,2.019999,0,4.039998,0,0.6778525,0
5.979995,10.01918,-10,2.019999,0,4.039998,0,0.6755854,0
5.999995,10.05958,-10,2.019999,0,4.039998,0,0.6733335,0
6.019995,10.09998,-10,2.019999,0,4.039998,0,0.6710965,0
6.039995,10.14038,-10,2.019999,0,4.039998,0,0.6688743,0
6.059995,10.18078,-10,2.019999,0,4.039998,0,0.6666668,0
6.079995,10.22118,-10,2.019999,0,4.039998,0,0.6644738,0
6.099995,10.26158,-10,2.019999,0,4.039998,0,0.6622952,0
6.119995,10.30198,-10,2.019999,0,4.039998,0,0.6601309,0
6.139995,10.34238,-10,2.019999,0,4.039998,0,0.6579806,0
6.159995,10.38278,-10,2.019999,0,4.039998,0,0.6558443,0
6.179995,10.42318,-10,2.019999,0,4.039998,0,0.6537218,0
6.199995,10.46358,-10,2.019999,0,4.039998,0,0.6516131,0
6.219995,10.50398,-10,2.019999,0,4.039998,0,0.6495178,0
6.239995,10.54438,-10,2.019999,0,4.039998,0,0.647436,0
6.259995,10.58477,-10,2.019999,0,4.039998,0,0.6453676,0
6.279995,10.62517,-10,2.019999,0,4.039998,0,0.6433122,0
6.299995,10.66557,-10,2.019999,0,4.039998,0,0.64127,0
6.319995,10.70597,-10,2.019999,0,4.039998,0,0.6392406,0
6.339995,10.74637,-10,2.019999,0,4.039998,0,0.6372241,0
6.359995,10.78677,-10,2.019999,0,4.039998,0,0.6352202,0
6.379995,10.82717,-10,2.019999,0,4.039998,0,0.633229,0
6.399995,10.86757,-10,2.019999,0,4.039998,0,0.6312501,0
6.419995,10.90797,-10,2.019999,0,4.039998,0,0.6292836,0
6.439995,10.94837,-10,2.019999,0,4.039998,0,0.6273293,0
6.459995,10.98877,-10,2.019999,0,4.039998,0,0.6253871,0
6.479995,11.02917,-10,2.019999,0,4.039998,0,0.6234569,0
6.499995,11.06957,-10,2.019999,0,4.039998,0,0.6215386,0
6.519995,11.10997,-10,2.019999,0,4.039998,0,0.619632,0
6.539995,11.15037,-10,2.019999,0,4.039998,0,0.6177371,0
6.559995,11.19077,-10,2.019999,0,4.039998,0,0.6158538,0
6.579995,11.23117,-10,2.019999,0,4.039998,0,0.6139819,0
6.599995,11.27157,-10,2.019999,0,4.039998,0,0.6121213,0
6.619995,11.31197,-10,2.019999,0,4.039998,0,0.610272,0
6.639995,11.35237,-10,2.019999,0,4.039998,0,0.6084338,0
6.659995,11.39277,-10,2.019999,0,4.039998,0,0.6066067,0
6.679995,11.43317,-10,2.019999,0,4.039998,0,0.6047906,0
6.699995,11.47357,-10,2.019999,0,4.039998,0,0.6029852,0
6.719995,11.51396,-10,2.019999,0,4.039998,0,0.6011906,0
6.739995,11.55436,-10,2.019999,0,4.039998,0,0.5994067,0
6.759995,11.59476,-10,2.019999,0,4.039998,0,0.5976332,0
6.779994,11.63516,-10,2.019999,0,4.039998,0,0.5958703,0
6.799994,11.67556,-10,2.019999,0,4.039998,0,0.5941178,0
6.819994,11.71596,-10,2.019999,0,4.039998,0,0.5923755,0
6.839994,11.75636,-10,2.019999,0,4.039998,0,0.5906434,0
6.859994,11.79676,-10,2.019999,0,4.039998,0,0.5889214,0
6.879994,11.83716,-10,2.019999,0,4.039998,0,0.5872094,0
6.899994,11.87756,-10,2.019999,0,4.039998,0,0.5855074,0
6.919994,11.91796,-10,2.019999,0,4.039998,0,0.5838152,0
6.939994,11.95836,-10,2.019999,0,4.039998,0,0.5821327,0
6.959994,11.99876,-10,2.019999,0,4.039998,0,0.5804599,0
6.979994,12.03916,-10,2.019999,0,4.039998,0,0.5787967,0
6.999994,12.07956,-10,2.019999,0,4.039998,0,0.577143,0
7.019994,12.11996,-10,2.019999,0,4.039998,0,0.5754987,0
7.039994,12.16036,-10,2.019999,0,4.039998,0,0.5738637,0
7.059994,12.20076,-10,2.019999,0,4.039998,0,0.5722381,0
7.079994,12.24116,-10,2.019999,0,4.039998,0,0.5706216,0
7.099994,12.28156,-10,2.019999,0,4.039998,0,0.5690142,0
7.119994,12.32196,-10,2.019999,0,4.039998,0,0.5674158,0
7.139994,12.36236,-10,2.019999,0,4.039998,0,0.5658265,0
7.159994,12.40275,-10,2.019999,0,4.039998,0,0.5642459,0
7.179994,12.44315,-10,2.019999,0,4.039998,0,0.5626742,0
7.199994,12.48355,-10,2.019999,0,4.039998,0,0.5611112,0
7.219994,12.52395,-10,2.019999,0,4.039998,0,0.5595569,0
7.239994,12.56435,-10,2.019999,0,4.039998,0,0.5580112,0
7.259994,12.60475,-10,2.019999,0,4.039998,0,0.556474,0
7.279994,12.64515,-10,2.019999,0,4.039998,0,0.5549452,0
7.299994,12.68555,-10,2.019999,0,4.039998,0,0.5534248,0
7.319994,12.72595,-10,2.019999,0,4.039998,0,0.5519127,0
7.339994,12.76635,-10,2.019999,0,4.039998,0,0.5504088,0
7.359994,12.80675,-10,2.019999,0,4.039998,0,0.5489132,0
7.379994,12.84715,-10,2.019999,0,4.039998,0,0.5474256,0
7.399994,12.88755,-10,2.019999,0,4.039998,0,0.5459461,0
7.419994,12.92795,-10,2.019999,0,4.039998,0,0.5444745,0
7.439994,12.96835,-10,2.019999,0,4.039998,0,0.5430109,0
7.459994,13.00875,-10,2.019999,0,4.039998,0,0.5415551,0
7.479994,13.04915,-10,2.019999,0,4.039998,0,0.5401071,0
7.499994,13.08955,-10,2.019999,0,4.039998,0,0.5386668,0
7.519994,13.12995,-10,2.019999,0,4.039998,0,0.5372342,0
7.539994,13.17035,-10,2.019999,0,4.039998,0,0.5358092,0
7.559994,13.21075,-10,2.019999,0,4.039998,0,0.5343916,0
7.579994,13.25115,-10,2.019999,0,4.039998,0,0.5329816,0
7.599994,13.29154,-10,2.019999,0,4.039998,0,0.5315791,0
7.619994,13.33194,-10,2.019999,0,4.039998,0,0.5301839,0
7.639994,13.37234,-10,2.019999,0,4.039998,0,0.528796,0
7.659994,13.41274,-10,2.019999,0,4.039998,0,0.5274153,0
7.679994,13.45314,-10,2.019999,0,4.039998,0,0.5260418,0
7.699994,13.49354,-10,2.019999,0,4.039998,0,0.5246754,0
7.719994,13.53394,-10,2.019999,0,4.039998,0,0.5233162,0
7.739994,13.57434,-10,2.019999,0,4.039998,0,0.521964,0
7.759994,13.61474,-10,2.019999,0,4.039998,0,0.5206187,0
7.779994,13.65514,-10,2.019999,0,4.039998,0,0.5192803,0
7.799994,13.69554,-10,2.019999,0,4.039998,0,0.5179489,0
7.819993,13.73594,-10,2.019999,0,4.039998,0,0.5166242,0
7.839993,13.77634,-10,2.019999,0,4.039998,0,0.5153062,0
7.859993,13.81674,-10,2.019999,0,4.039998,0,0.5139951,0
7.879993,13.85714,-10,2.019999,0,4.039998,0,0.5126905,0
7.899993,13.89754,-10,2.019999,0,4.039998,0,0.5113925,0
7.919993,13.93794,-10,2.019999,0,4.039998,0,0.5101011,0
7.939993,13.97834,-10,2.019999,0,4.039998,0,0.5088162,0
7.959993,14.01874,-10,2.019999,0,4.039998,0,0.5075378,0
7.979993,14.05914,-10,2.019999,0,4.039998,0,0.5062658,0
7.999993,14.09954,-10,2.019999,0,4.039998,0,0.5050001,0
8.019994,14.13994,-10,2.019999,0,4.039998,0,0.5037407,0
8.039994,14.18034,-10,2.019999,0,4.039998,0,0.5024876,0
8.059995,14.22073,-10,2.019999,0,4.039998,0,0.5012407,0
8.079995,14.26113,-10,2.019999,0,4.039998,0,0.5,0
8.099996,14.30153,-10,2.019999,0,4.039998,0,0.4987654,0
8.119996,14.34193,-10,2.019999,0,4.039998,0,0.4975369,0
8.139997,14.38233,-10,2.019999,0,4.039998,0,0.4963144,0
8.159997,14.42273,-10,2.019999,0,4.039998,0,0.4950979,0
8.179997,14.46313,-10,2.019999,0,4.039998,0,0.4938874,0
8.199998,14.50353,-10,2.019999,0,4.039998,0,0.4926828,0
8.219998,14.54393,-10,2.019999,0,4.039998,0,0.491484,0
8.239999,14.58433,-10,2.019999,0,4.039998,0,0.490291,0
8.259999,14.62473,-10,2.019999,0,4.039998,0,0.4891039,0
8.28,14.66513,-10,2.019999,0,4.039998,0,0.4879224,0
8.3,14.70553,-10,2.019999,0,4.039998,0,0.4867467,0
8.320001,14.74593,-10,2.019999,0,4.039998,0,0.4855766,0
8.340001,14.78633,-10,2.019999,0,4.039998,0,0.4844121,0
8.360002,14.82673,-10,2.019999,0,4.039998,0,0.4832532,0
8.380002,14.86713,-10,2.019999,0,4.039998,0,0.4820998,0
8.400002,14.90753,-10,2.019999,0,4.039998,0,0.480952,0
8.420003,14.94793,-10,2.019999,0,4.039998,0,0.4798095,0
8.440003,14.98833,-10,2.019999,0,4.039998,0,0.4786725,0
8.460004,15.02873,-10,2.019999,0,4.039998,0,0.4775409,0
8.480004,15.06913,-10,2.019999,0,4.039998,0,0.4764146,0
8.500005,15.10952,-10,2.019999,0,4.039998,0,0.4752936,0
8.520005,15.14992,-10,2.019999,0,4.039998,0,0.4741778,0
8.540006,15.19032,-10,2.019999,0,4.039998,0,0.4730673,0
8.560006,15.23072,-10,2.019999,0,4.039998,0,0.471962,0
8.580007,15.27112,-10,2.019999,0,4.039998,0,0.4708618,0
8.600007,15.31152,-10,2.019999,0,4.039998,0,0.4697668,0
8.620008,15.35192,-10,2.019999,0,4.039998,0,0.4686768,0
8.640008,15.39232,-10,2.019999,0,4.039998,0,0.4675919,0
8.660008,15.43272,-10,2.019999,0,4.039998,0,0.466512,0
8.680009,15.47312,-10,2.019999,0,4.039998,0,0.465437,0
8.700009,15.51352,-10,2.019999,0,4.039998,0,0.464367,0
8.72001,15.55392,-10,2.019999,0,4.039998,0,0.463302,0
8.74001,15.59432,-10,2.019999,0,4.039998,0,0.4622417,0
8.760011,15.63472,-10,2.019999,0,4.039998,0,0.4611864,0
8.780011,15.67512,-10,2.019999,0,4.039998,0,0.4601358,0
8.800012,15.71552,-10,2.019999,0,4.039998,0,0.45909,0
8.820012,15.75592,-10,2.019999,0,4.039998,0,0.458049,0
8.840013,15.79632,-10,2.019999,0,4.039998,0,0.4570127,0
8.860013,15.83672,-10,2.019999,0,4.039998,0,0.455981,0
8.880013,15.87712,-10,2.019999,0,4.039998,0,0.454954,0
8.900014,15.91752,-10,2.019999,0,4.039998,0,0.4539316,0
8.920014,15.95792,-10,2.019999,0,4.039998,0,0.4529138,0
8.940015,15.99831,-10,2.019999,0,4.039998,0,0.4519005,0
8.960015,16.03872,-10,2.019999,0,4.039998,0,0.4508918,0
8.980016,16.07911,-10,2.019999,0,4.039998,0,0.4498876,0
9.000016,16.11951,-10,2.019999,0,4.039998,0,0.4488878,0
9.020017,16.15991,-10,2.019999,0,4.039998,0,0.4478925,0
9.040017,16.20031,-10,2.019999,0,4.039998,0,0.4469015,0
9.060018,16.24071,-10,2.019999,0,4.039998,0,0.445915,0
9.080018,16.28111,-10,2.019999,0,4.039998,0,0.4449328,0
9.100019,16.32151,-10,2.019999,0,4.039998,0,0.4439549,0
9.120019,16.36191,-10,2.019999,0,4.039998,0,0.4429813,0
9.140019,16.40231,-10,2.019999,0,4.039998,0,0.4420119,0
9.16002,16.44271,-10,2.019999,0,4.039998,0,0.4410468,0
9.18002,16.48311,-10,2.019999,0,4.039998,0,0.4400859,0
9.200021,16.52351,-10,2.019999,0,4.039998,0,0.4391292,0
9.220021,16.56391,-10,2.019999,0,4.039998,0,0.4381766,0
9.240022,16.60352,-10,1.980582,0,3.961163,0,0.4286963,0
9.260022,16.64232,-10,1.939976,0,3.879952,0,0.4190003,0
9.280023,16.68028,-10,1.898206,0,3.796412,0,0.4090952,0
9.300023,16.71739,-10,1.855298,0,3.710595,0,0.3989878,0
9.320024,16.75362,-10,1.811276,0,3.622552,0,0.3886848,0
9.340024,16.78894,-10,1.766168,0,3.532335,0,0.3781933,0
9.360024,16.82334,-10,1.719999,0,3.439999,0,0.3675203,0
9.380025,16.8568,-10,1.672799,0,3.345598,0,0.3566726,0
9.400025,16.88929,-10,1.624595,0,3.24919,0,0.3456576,0
9.420026,16.9208,-10,1.575416,0,3.150833,0,0.3344824,0
9.440026,16.9513,-10,1.525293,0,3.050585,0,0.3231543,0
9.460027,16.98079,-10,1.474253,0,2.948507,0,0.3116806,0
9.480027,17.00924,-10,1.42233,0,2.84466,0,0.3000687,0
9.500028,17.03663,-10,1.369553,0,2.739105,0,0.2883261,0
9.520028,17.06295,-10,1.315954,0,2.631908,0,0.2764601,0
9.540029,17.08818,-10,1.261566,0,2.523131,0,0.2644784,0
9.560029,17.1123,-10,1.20642,0,2.412841,0,0.2523884,0
9.580029,17.13531,-10,1.150551,0,2.301102,0,0.2401978,0
9.60003,17.15719,-10,1.093992,0,2.187984,0,0.2279142,0
9.62003,17.17793,-10,1.036776,0,2.073552,0,0.2155453,0
9.640031,17.19751,-10,0.9789381,0,1.957876,0,0.2030985,0
9.660031,17.21592,-10,0.9205129,0,1.841026,0,0.1905818,0
9.680032,17.23315,-10,0.8615353,0,1.723071,0,0.1780026,0
9.700032,17.24919,-10,0.8020409,0,1.604082,0,0.1653687,0
9.720033,17.26403,-10,0.7420652,0,1.48413,0,0.1526878,0
9.740033,17.27766,-10,0.6816443,0,1.363289,0,0.1399675,0
9.760034,17.29008,-10,0.6208143,0,1.241629,0,0.1272156,0
9.780034,17.30127,-10,0.5596119,0,1.119224,0,0.1144397,0
9.800035,17.31124,-10,0.4980737,0,0.9961475,0,0.1016473,0
9.820035,17.31996,-10,0.4362367,0,0.8724734,0,0.08884626,0
9.840035,17.32744,-10,0.3741379,0,0.7482758,0,0.07604401,0
9.860036,17.33368,-10,0.3118146,0,0.6236292,0,0.06324816,0
9.880036,17.33867,-10,0.2493042,0,0.4986085,0,0.05046626,0
9.900037,17.3424,-10,0.1866443,0,0.3732886,0,0.03770578,0
9.920037,17.34488,-10,0.1238724,0,0.2477447,0,0.02497417,0
9.940038,17.3461,-10,0.06102611,0,0.1220522,0,0.01227885,0
9.960038,17.34606,-10,-0.00185676,0,-0.003713521,0,-0.000372842,0
9.980039,17.34476,-10,-0.06473854,0,-0.1294771,0,-0.01297361,0
10.00004,17.34221,-10,-0.1275815,0,-0.255163,0,-0.0255162,0
10.02004,17.33841,-10,-0.1903479,0,-0.3806957,0,-0.03799343,0
10.04004,17.33335,-10,-0.253,0,-0.506,0,-0.05039821,0
10.06004,17.32704,-10,-0.3155004,0,-0.6310008,0,-0.06272348,0
10.08004,17.31948,-10,-0.3778115,0,-0.7556229,0,-0.07496229,0
10.10004,17.31068,-10,-0.4398958,0,-0.8797917,0,-0.08710773,0
10.12004,17.30065,-10,-0.5017163,0,-1.003433,0,-0.099153,0
10.14004,17.28938,-10,-0.5632356,0,-1.126471,0,-0.1110914,0
10.16004,17.27689,-10,-0.6244171,0,-1.248834,0,-0.1229162,0
10.18004,17.26319,-10,-0.6852239,0,-1.370448,0,-0.134621,0
10.20004,17.24828,-10,-0.7456195,0,-1.491239,0,-0.1461993,0
10.22004,17.23217,-10,-0.8055679,0,-1.611136,0,-0.1576447,0
10.24004,17.21486,-10,-0.8650329,0,-1.730066,0,-0.168951,0
10.26005,17.19638,-10,-0.9239788,0,-1.847958,0,-0.180112,0
10.28005,17.17674,-10,-0.9823703,0,-1.964741,0,-0.1911218,0
10.30005,17.15593,-10,-1.040172,0,-2.080345,0,-0.2019743,0
10.32005,17.13399,-10,-1.09735,0,-2.194701,0,-0.2126639,0
10.34005,17.11091,-10,-1.15387,0,-2.30774,0,-0.2231847,0
10.36005,17.08671,-10,-1.209697,0,-2.419394,0,-0.2335312,0
10.38005,17.06142,-10,-1.264799,0,-2.529597,0,-0.243698,0
10.40005,17.03504,-10,-1.319141,0,-2.638282,0,-0.2536798,0
10.42005,17.00758,-10,-1.372692,0,-2.745384,0,-0.2634714,0
10.44005,16.97907,-10,-1.42542,0,-2.850839,0,-0.2730676,0
10.46005,16.94953,-10,-1.477292,0,-2.954584,0,-0.2824636,0
10.48005,16.91896,-10,-1.528278,0,-3.056555,0,-0.2916546,0
10.50005,16.88739,-10,-1.578346,0,-3.156693,0,-0.300636,0
10.52005,16.85485,-10,-1.627468,0,-3.254937,0,-0.3094031,0
10.54005,16.82133,-10,-1.675614,0,-3.351227,0,-0.3179517,0
10.56005,16.78688,-10,-1.722754,0,-3.445507,0,-0.3262775,0
10.58005,16.7515,-10,-1.76886,0,-3.53772,0,-0.3343764,0
10.60005,16.71522,-10,-1.813905,0,-3.62781,0,-0.3422445,0
10.62005,16.67807,-10,-1.857862,0,-3.715724,0,-0.349878,0
10.64005,16.64005,-10,-1.900704,0,-3.801408,0,-0.3572733,0
10.66005,16.6012,-10,-1.942405,0,-3.884811,0,-0.3644269,0
10.68005,16.56154,-10,-1.982942,0,-3.965883,0,-0.3713354,0
10.70006,16.5211,-10,-2.022288,0,-4.044576,0,-0.3779958,0
10.72006,16.47989,-10,-2.060421,0,-4.120842,0,-0.3844049,0
10.74006,16.43794,-10,-2.097317,0,-4.194635,0,-0.3905599,0
10.76006,16.396,-10,-2.097317,0,-4.194635,0,-0.3898339,0
10.78006,16.35405,-10,-2.097317,0,-4.194635,0,-0.3891107,0
10.80006,16.31211,-10,-2.097317,0,-4.194635,0,-0.3883901,0
10.82006,16.27016,-10,-2.097317,0,-4.194635,0,-0.3876721,0
10.84006,16.22821,-10,-2.097317,0,-4.194635,0,-0.3869569,0
10.86006,16.18627,-10,-2.097317,0,-4.194635,0,-0.3862442,0
10.88006,16.14432,-10,-2.097317,0,-4.194635,0,-0.3855342,0
10.90006,16.10237,-10,-2.097317,0,-4.194635,0,-0.3848268,0
10.92006,16.06043,-10,-2.097317,0,-4.194635,0,-0.384122,0
10.94006,16.01848,-10,-2.097317,0,-4.194635,0,-0.3834197,0
10.96006,15.97653,-10,-2.097317,0,-4.194635,0,-0.38272,0
10.98006,15.93459,-10,-2.097317,0,-4.194635,0,-0.3820229,0
11.00006,15.89264,-10,-2.097317,0,-4.194635,0,-0.3813283,0
11.02006,15.85069,-10,-2.097317,0,-4.194635,0,-0.3806362,0
11.04006,15.80875,-10,-2.097317,0,-4.194635,0,-0.3799466,0
11.06006,15.7668,-10,-2.097317,0,-4.194635,0,-0.3792596,0
11.08006,15.72486,-10,-2.097317,0,-4.194635,0,-0.378575,0
11.10006,15.68291,-10,-2.097317,0,-4.194635,0,-0.3778929,0
11.12006,15.64096,-10,-2.097317,0,-4.194635,0,-0.3772132,0
11.14007,15.59902,-10,-2.097317,0,-4.194635,0,-0.376536,0
11.16007,15.55707,-10,-2.097317,0,-4.194635,0,-0.3758611,0
11.18007,15.51512,-10,-2.097317,0,-4.194635,0,-0.3751887,0
11.20007,15.47318,-10,-2.097317,0,-4.194635,0,-0.3745188,0
11.22007,15.43123,-10,-2.097317,0,-4.194635,0,-0.3738512,0
11.24007,15.38928,-10,-2.097317,0,-4.194635,0,-0.3731859,0
11.26007,15.34734,-10,-2.097317,0,-4.194635,0,-0.3725231,0
11.28007,15.30539,-10,-2.097317,0,-4.194635,0,-0.3718625,0
11.30007,15.26344,-10,-2.097317,0,-4.194635,0,-0.3712044,0
11.32007,15.2215,-10,-2.097317,0,-4.194635,0,-0.3705485,0
11.34007,15.17955,-10,-2.097317,0,-4.194635,0,-0.369895,0
11.36007,15.13761,-10,-2.097317,0,-4.194635,0,-0.3692437,0
11.38007,15.09566,-10,-2.097317,0,-4.194635,0,-0.3685948,0
11.40007,15.05371,-10,-2.097317,0,-4.194635,0,-0.3679481,0
11.42007,15.01177,-10,-2.097317,0,-4.194635,0,-0.3673037,0
11.44007,14.96982,-10,-2.097317,0,-4.194635,0,-0.3666616,0
11.46007,14.92787,-10,-2.097317,0,-4.194635,0,-0.3660217,0
11.48007,14.88593,-10,-2.097317,0,-4.194635,0,-0.365384,0
11.50007,14.84398,-10,-2.097317,0,-4.194635,0,-0.3647485,0
11.52007,14.80203,-10,-2.097317,0,-4.194635,0,-0.3641153,0
11.54007,14.76009,-10,-2.097317,0,-4.194635,0,-0.3634842,0
11.56007,14.71814,-10,-2.097317,0,-4.194635,0,-0.3628553,0
11.58008,14.6762,-10,-2.097317,0,-4.194635,0,-0.3622286,0
11.60008,14.63425,-10,-2.097317,0,-4.194635,0,-0.3616041,0
11.62008,14.5923,-10,-2.097317,0,-4.194635,0,-0.3609817,0
11.64008,14.55036,-10,-2.097317,0,-4.194635,0,-0.3603615,0
11.66008,14.50841,-10,-2.097317,0,-4.194635,0,-0.3597433,0
11.68008,14.46646,-10,-2.097317,0,-4.194635,0,-0.3591273,0
11.70008,14.42452,-10,-2.097317,0,-4.194635,0,-0.3585134,0
11.72008,14.38257,-10,-2.097317,0,-4.194635,0,-0.3579016,0
11.74008,14.34062,-10,-2.097317,0,-4.194635,0,-0.3572919,0
11.76008,14.29868,-10,-2.097317,0,-4.194635,0,-0.3566842,0
11.78008,14.25673,-10,-2.097317,0,-4.194635,0,-0.3560787,0
11.80008,14.21478,-10,-2.097317,0,-4.194635,0,-0.3554751,0
11.82008,14.17284,-10,-2.097317,0,-4.194635,0,-0.3548736,0
11.84008,14.13089,-10,-2.097317,0,-4.194635,0,-0.3542742,0
11.86008,14.08895,-10,-2.097317,0,-4.194635,0,-0.3536767,0
11.88008,14.047,-10,-2.097317,0,-4.194635,0,-0.3530813,0
11.90008,14.00505,-10,-2.097317,0,-4.194635,0,-0.3524879,0
11.92008,13.96311,-10,-2.097317,0,-4.194635,0,-0.3518965,0
11.94008,13.92116,-10,-2.097317,0,-4.194635,0,-0.351307,0
11.96008,13.87921,-10,-2.097317,0,-4.194635,0,-0.3507195,0
11.98008,13.83727,-10,-2.097317,0,-4.194635,0,-0.350134,0
12.00008,13.79532,-10,-2.097317,0,-4.194635,0,-0.3495504,0
12.02009,13.75337,-10,-2.097317,0,-4.194635,0,-0.3489688,0
12.04009,13.71143,-10,-2.097317,0,-4.194635,0,-0.3483891,0
12.06009,13.66948,-10,-2.097317,0,-4.194635,0,-0.3478113,0
12.08009,13.62753,-10,-2.097317,0,-4.194635,0,-0.3472355,0
12.10009,13.58559,-10,-2.097317,0,-4.194635,0,-0.3466615,0
12.12009,13.54364,-10,-2.097317,0,-4.194635,0,-0.3460895,0
12.14009,13.5017,-10,-2.097317,0,-4.194635,0,-0.3455193,0
12.16009,13.45975,-10,-2.097317,0,-4.194635,0,-0.344951,0
12.18009,13.4178,-10,-2.097317,0,-4.194635,0,-0.3443846,0
12.20009,13.37586,-10,-2.097317,0,-4.194635,0,-0.34382,0
12.22009,13.33391,-10,-2.097317,0,-4.194635,0,-0.3432573,0
12.24009,13.29196,-10,-2.097317,0,-4.194635,0,-0.3426964,0
12.26009,13.25002,-10,-2.097317,0,-4.194635,0,-0.3421373,0
12.28009,13.20807,-10,-2.097317,0,-4.194635,0,-0.3415801,0
12.30009,13.16612,-10,-2.097317,0,-4.194635,0,-0.3410247,0
12.32009,13.12418,-10,-2.097317,0,-4.194635,0,-0.3404711,0
12.34009,13.08223,-10,-2.097317,0,-4.194635,0,-0.3399192,0
12.36009,13.04029,-10,-2.097317,0,-4.194635,0,-0.3393692,0
12.38009,12.99834,-10,-2.097317,0,-4.194635,0,-0.3388209,0
12.40009,12.95639,-10,-2.097317,0,-4.194635,0,-0.3382744,0
12.42009,12.91445,-10,-2.097317,0,-4.194635,0,-0.3377297,0
12.44009,12.8725,-10,-2.097317,0,-4.194635,0,-0.3371867,0
12.4601,12.83055,-10,-2.097317,0,-4.194635,0,-0.3366455,0
12.4801,12.78861,-10,-2.097317,0,-4.194635,0,-0.336106,0
12.5001,12.74666,-10,-2.097317,0,-4.194635,0,-0.3355682,0
12.5201,12.70471,-10,-2.097317,0,-4.194635,0,-0.3350321,0
12.5401,12.66277,-10,-2.097317,0,-4.194635,0,-0.3344978,0
12.5601,12.62082,-10,-2.097317,0,-4.194635,0,-0.3339652,0
12.5801,12.57887,-10,-2.097317,0,-4.194635,0,-0.3334342,0
12.6001,12.53693,-10,-2.097317,0,-4.194635,0,-0.3329049,0
12.6201,12.49498,-10,-2.097317,0,-4.194635,0,-0.3323773,0
12.6401,12.45304,-10,-2.097317,0,-4.194635,0,-0.3318514,0
12.6601,12.41109,-10,-2.097317,0,-4.194635,0,-0.3313272,0
12.6801,12.36914,-10,-2.097317,0,-4.194635,0,-0.3308046,0
12.7001,12.3272,-10,-2.097317,0,-4.194635,0,-0.3302836,0
12.7201,12.28525,-10,-2.097317,0,-4.194635,0,-0.3297643,0
12.7401,12.2433,-10,-2.097317,0,-4.194635,0,-0.3292466,0
12.7601,12.20136,-10,-2.097317,0,-4.194635,0,-0.3287305,0
12.7801,12.15941,-10,-2.097317,0,-4.194635,0,-0.328216,0
12.8001,12.11746,-10,-2.097317,0,-4.194635,0,-0.3277032,0
12.8201,12.07552,-10,-2.097317,0,-4.194635,0,-0.327192,0
12.8401,12.03357,-10,-2.097317,0,-4.194635,0,-0.3266823,0
12.8601,11.99162,-10,-2.097317,0,-4.194635,0,-0.3261743,0
12.88011,11.94968,-10,-2.097317,0,-4.194635,0,-0.3256678,0
12.90011,11.90773,-10,-2.097317,0,-4.194635,0,-0.3251628,0
12.92011,11.86579,-10,-2.097317,0,-4.194635,0,-0.3246595,0
12.94011,11.82384,-10,-2.097317,0,-4.194635,0,-0.3241577,0
12.96011,11.78189,-10,-2.097317,0,-4.194635,0,-0.3236574,0
12.98011,11.73995,-10,-2.097317,0,-4.194635,0,-0.3231587,0
13.00011,11.698,-10,-2.097317,0,-4.194635,0,-0.3226615,0
13.02011,11.65605,-10,-2.097317,0,-4.194635,0,-0.3221659,0
13.04011,11.61411,-10,-2.097317,0,-4.194635,0,-0.3216718,0
13.06011,11.57216,-10,-2.097317,0,-4.194635,0,-0.3211792,0
13.08011,11.53021,-10,-2.097317,0,-4.194635,0,-0.3206881,0
13.10011,11.48827,-10,-2.097317,0,-4.194635,0,-0.3201984,0
13.12011,11.44632,-10,-2.097317,0,-4.194635,0,-0.3197103,0
13.14011,11.40438,-10,-2.097317,0,-4.194635,0,-0.3192237,0
13.16011,11.36243,-10,-2.097317,0,-4.194635,0,-0.3187385,0
13.18011,11.32048,-10,-2.097317,0,-4.194635,0,-0.3182549,0
13.20011,11.27854,-10,-2.097317,0,-4.194635,0,-0.3177727,0
13.22011,11.23659,-10,-2.097317,0,-4.194635,0,-0.3172919,0
13.24011,11.19464,-10,-2.097317,0,-4.194635,0,-0.3168126,0
13.26011,11.1527,-10,-2.097317,0,-4.194635,0,-0.3163348,0
13.28011,11.11075,-10,-2.097317,0,-4.194635,0,-0.3158583,0
13.30011,11.0688,-10,-2.097317,0,-4.194635,0,-0.3153834,0
13.32012,11.02686,-10,-2.097317,0,-4.194635,0,-0.3149098,0
13.34012,10.98491,-10,-2.097317,0,-4.194635,0,-0.3144377,0
13.36012,10.94296,-10,-2.097317,0,-4.194635,0,-0.313967,0
13.38012,10.90102,-10,-2.097317,0,-4.194635,0,-0.3134976,0
13.40012,10.85907,-10,-2.097317,0,-4.194635,0,-0.3130297,0
13.42012,10.81713,-10,-2.097317,0,-4.194635,0,-0.3125632,0
13.44012,10.77518,-10,-2.097317,0,-4.194635,0,-0.3120981,0
13.46012,10.73323,-10,-2.097317,0,-4.194635,0,-0.3116343,0
13.48012,10.69129,-10,-2.097317,0,-4.194635,0,-0.3111719,0
13.50012,10.64934,-10,-2.097317,0,-4.194635,0,-0.310711,0
13.52012,10.60739,-10,-2.097317,0,-4.194635,0,-0.3102513,0
13.54012,10.56545,-10,-2.097317,0,-4.194635,0,-0.309793,0
13.56012,10.5235,-10,-2.097317,0,-4.194635,0,-0.3093361,0
13.58012,10.48155,-10,-2.097317,0,-4.194635,0,-0.3088805,0
13.60012,10.43961,-10,-2.097317,0,-4.194635,0,-0.3084263,0
13.62012,10.39766,-10,-2.097317,0,-4.194635,0,-0.3079734,0
13.64012,10.35571,-10,-2.097317,0,-4.194635,0,-0.3075218,0
13.66012,10.31377,-10,-2.097317,0,-4.194635,0,-0.3070715,0
13.68012,10.27182,-10,-2.097317,0,-4.194635,0,-0.3066226,0
13.70012,10.22988,-10,-2.097317,0,-4.194635,0,-0.306175,0
13.72012,10.18793,-10,-2.097317,0,-4.194635,0,-0.3057286,0
13.74012,10.14598,-10,-2.097317,0,-4.194635,0,-0.3052836,0
13.76013,10.10404,-10,-2.097317,0,-4.194635,0,-0.3048399,0
13.78013,10.06209,-10,-2.097317,0,-4.194635,0,-0.3043974,0
13.80013,10.02014,-10,-2.097317,0,-4.194635,0,-0.3039563,0
13.82013,9.978197,-10,-2.097317,0,-4.194635,0,-0.3035164,0
13.84013,9.936251,-10,-2.097317,0,-4.194635,0,-0.3030778,0
13.86013,9.894304,-10,-2.097317,0,-4.194635,0,-0.3026404,0
13.88013,9.852358,-10,-2.097317,0,-4.194635,0,-0.3022043,0
13.90013,9.810411,-10,-2.097317,0,-4.194635,0,-0.3017695,0
13.92013,9.768465,-10,-2.097317,0,-4.194635,0,-0.3013359,0
13.94013,9.726519,-10,-2.097317,0,-4.194635,0,-0.3009036,0
13.96013,9.684572,-10,-2.097317,0,-4.194635,0,-0.3004725,0
13.98013,9.642626,-10,-2.097317,0,-4.194635,0,-0.3000426,0
14.00013,9.600679,-10,-2.097317,0,-4.194635,0,-0.299614,0
14.02013,9.558733,-10,-2.097317,0,-4.194635,0,-0.2991866,0
14.04013,9.516787,-10,-2.097317,0,-4.194635,0,-0.2987604,0
14.06013,9.47484,-10,-2.097317,0,-4.194635,0,-0.2983354,0
14.08013,9.432894,-10,-2.097317,0,-4.194635,0,-0.2979116,0
14.10013,9.390947,-10,-2.097317,0,-4.194635,0,-0.297489,0
14.12013,9.349001,-10,-2.097317,0,-4.194635,0,-0.2970676,0
14.14013,9.307055,-10,-2.097317,0,-4.194635,0,-0.2966475,0
14.16013,9.265108,-10,-2.097317,0,-4.194635,0,-0.2962285,0
14.18013,9.223162,-10,-2.097317,0,-4.194635,0,-0.2958106,0
14.20014,9.181215,-10,-2.097317,0,-4.194635,0,-0.295394,0
14.22014,9.139269,-10,-2.097317,0,-4.194635,0,-0.2949785,0
14.24014,9.097322,-10,-2.097317,0,-4.194635,0,-0.2945642,0
14.26014,9.055376,-10,-2.097317,0,-4.194635,0,-0.2941511,0
14.28014,9.01343,-10,-2.097317,0,-4.194635,0,-0.2937391,0
14.30014,8.971483,-10,-2.097317,0,-4.194635,0,-0.2933283,0
14.32014,8.929537,-10,-2.097317,0,-4.194635,0,-0.2929186,0
14.34014,8.88759,-10,-2.097317,0,-4.194635,0,-0.2925101,0
14.36014,8.845644,-10,-2.097317,0,-4.194635,0,-0.2921027,0
14.38014,8.803698,-10,-2.097317,0,-4.194635,0,-0.2916964,0
14.40014,8.761751,-10,-2.097317,0,-4.194635,0,-0.2912913,0
14.42014,8.719805,-10,-2.097317,0,-4.194635,0,-0.2908872,0
14.44014,8.677858,-10,-2.097317,0,-4.194635,0,-0.2904843,0
14.46014,8.635912,-10,-2.097317,0,-4.194635,0,-0.2900826,0
14.48014,8.593966,-10,-2.097317,0,-4.194635,0,-0.2896819,0
14.50014,8.552019,-10,-2.097317,0,-4.194635,0,-0.2892823,0
14.52014,8.510073,-10,-2.097317,0,-4.194635,0,-0.2888839,0
14.54014,8.468126,-10,-2.097317,0,-4.194635,0,-0.2884865,0
14.56014,8.42618,-10,-2.097317,0,-4.194635,0,-0.2880902,0
14.58014,8.384233,-10,-2.097317,0,-4.194635,0,-0.287695,0
14.60014,8.342287,-10,-2.097317,0,-4.194635,0,-0.2873009,0
14.62014,8.300341,-10,-2.097317,0,-4.194635,0,-0.2869079,0
14.64015,8.258394,-10,-2.097317,0,-4.194635,0,-0.2865159,0
14.66015,8.216448,-10,-2.097317,0,-4.194635,0,-0.286125,0
14.68015,8.174501,-10,-2.097317,0,-4.194635,0,-0.2857352,0
14.70015,8.132555,-10,-2.097317,0,-4.194635,0,-0.2853465,0
14.72015,8.090609,-10,-2.097317,0,-4.194635,0,-0.2849588,0
14.74015,8.048662,-10,-2.097317,0,-4.194635,0,-0.2845721,0
14.76015,8.006716,-10,-2.097317,0,-4.194635,0,-0.2841865,0
14.78015,7.964769,-10,-2.097317,0,-4.194635,0,-0.2838019,0
14.80015,7.922823,-10,-2.097317,0,-4.194635,0,-0.2834184,0
14.82015,7.880877,-10,-2.097317,0,-4.194635,0,-0.2830359,0
14.84015,7.83893,-10,-2.097317,0,-4.194635,0,-0.2826545,0
14.86015,7.796984,-10,-2.097317,0,-4.194635,0,-0.2822741,0
14.88015,7.755037,-10,-2.097317,0,-4.194635,0,-0.2818947,0
14.90015,7.713091,-10,-2.097317,0,-4.194635,0,-0.2815163,0
14.92015,7.671144,-10,-2.097317,0,-4.194635,0,-0.2811389,0
14.94015,7.629198,-10,-2.097317,0,-4.194635,0,-0.2807625,0
14.96015,7.587252,-10,-2.097317,0,-4.194635,0,-0.2803872,0
14.98015,7.545305,-10,-2.097317,0,-4.194635,0,-0.2800128,0
15.00015,7.503359,-10,-2.097317,0,-4.194635,0,-0.2796395,0
15.02015,7.461412,-10,-2.097317,0,-4.194635,0,-0.2792671,0
15.04015,7.419466,-10,-2.097317,0,-4.194635,0,-0.2788957,0
15.06015,7.37752,-10,-2.097317,0,-4.194635,0,-0.2785254,0
15.08016,7.335573,-10,-2.097317,0,-4.194635,0,-0.278156,0
15.10016,7.293627,-10,-2.097317,0,-4.194635,0,-0.2777875,0
15.12016,7.25168,-10,-2.097317,0,-4.194635,0,-0.2774201,0
15.14016,7.209734,-10,-2.097317,0,-4.194635,0,-0.2770536,0
15.16016,7.167788,-10,-2.097317,0,-4.194635,0,-0.2766881,0
15.18016,7.125841,-10,-2.097317,0,-4.194635,0,-0.2763235,0
15.20016,7.083895,-10,-2.097317,0,-4.194635,0,-0.2759599,0
15.22016,7.041948,-10,-2.097317,0,-4.194635,0,-0.2755973,0
15.24016,7.000002,-10,-2.097317,0,-4.194635,0,-0.2752357,0
15.26016,6.958055,-10,-2.097317,0,-4.194635,0,-0.2748749,0
15.28016,6.916109,-10,-2.097317,0,-4.194635,0,-0.2745151,0
15.30016,6.874163,-10,-2.097317,0,-4.194635,0,-0.2741563,0
15.32016,6.832216,-10,-2.097317,0,-4.194635,0,-0.2737983,0
15.34016,6.79027,-10,-2.097317,0,-4.194635,0,-0.2734414,0
15.36016,6.748323,-10,-2.097317,0,-4.194635,0,-0.2730853,0
15.38016,6.706377,-10,-2.097317,0,-4.194635,0,-0.2727302,0
15.40016,6.664431,-10,-2.097317,0,-4.194635,0,-0.272376,0
15.42016,6.622484,-10,-2.097317,0,-4.194635,0,-0.2720227,0
15.44016,6.580538,-10,-2.097317,0,-4.194635,0,-0.2716704,0
15.46016,6.538591,-10,-2.097317,0,-4.194635,0,-0.2713189,0
15.48016,6.496645,-10,-2.097317,0,-4.194635,0,-0.2709684,0
15.50016,6.454699,-10,-2.097317,0,-4.194635,0,-0.2706187,0
15.52017,6.412752,-10,-2.097317,0,-4.194635,0,-0.27027,0
15.54017,6.370806,-10,-2.097317,0,-4.194635,0,-0.2699221,0
15.56017,6.328859,-10,-2.097317,0,-4.194635,0,-0.2695752,0
15.58017,6.286913,-10,-2.097317,0,-4.194635,0,-0.2692291,0
15.60017,6.244967,-10,-2.097317,0,-4.194635,0,-0.268884,0
15.62017,6.20302,-10,-2.097317,0,-4.194635,0,-0.2685397,0
15.64017,6.161074,-10,-2.097317,0,-4.194635,0,-0.2681963,0
15.66017,6.119127,-10,-2.097317,0,-4.194635,0,-0.2678537,0
15.68017,6.077181,-10,-2.097317,0,-4.194635,0,-0.2675121,0
15.70017,6.035234,-10,-2.097317,0,-4.194635,0,-0.2671713,0
15.72017,5.993288,-10,-2.097317,0,-4.194635,0,-0.2668314,0
15.74017,5.951342,-10,-2.097317,0,-4.194635,0,-0.2664923,0
15.76017,5.909395,-10,-2.097317,0,-4.194635,0,-0.2661541,0
15.78017,5.867449,-10,-2.097317,0,-4.194635,0,-0.2658168,0
15.80017,5.825502,-10,-2.097317,0,-4.194635,0,-0.2654803,0
15.82017,5.783556,-10,-2.097317,0,-4.194635,0,-0.2651447,0
15.84017,5.74161,-10,-2.097317,0,-4.194635,0,-0.2648099,0
15.86017,5.699663,-10,-2.097317,0,-4.194635,0,-0.264476,0
15.88017,5.657717,-10,-2.097317,0,-4.194635,0,-0.2641429,0
15.90017,5.61577,-10,-2.097317,0,-4.194635,0,-0.2638106,0
15.92017,5.573824,-10,-2.097317,0,-4.194635,0,-0.2634792,0
15.94018,5.531878,-10,-2.097317,0,-4.194635,0,-0.2631486,0
15.96018,5.489931,-10,-2.097317,0,-4.194635,0,-0.2628188,0
15.98018,5.447985,-10,-2.097317,0,-4.194635,0,-0.2624899,0
16.00018,5.406038,-10,-2.097317,0,-4.194635,0,-0.2621618,0
16.02018,5.364092,-10,-2.097317,0,-4.194635,0,-0.2618345,0
16.04018,5.322145,-10,-2.097317,0,-4.194635,0,-0.261508,0
16.06018,5.280199,-10,-2.097317,0,-4.194635,0,-0.2611824,0
16.08018,5.238253,-10,-2.097317,0,-4.194635,0,-0.2608575,0
16.10018,5.196306,-10,-2.097317,0,-4.194635,0,-0.2605335,0
16.12018,5.15436,-10,-2.097317,0,-4.194635,0,-0.2602102,0
16.14018,5.112413,-10,-2.097317,0,-4.194635,0,-0.2598878,0
16.16018,5.070467,-10,-2.097317,0,-4.194635,0,-0.2595661,0
16.18018,5.028521,-10,-2.097317,0,-4.194635,0,-0.2592453,0
16.20018,4.986574,-10,-2.097317,0,-4.194635,0,-0.2589252,0
16.22018,4.944628,-10,-2.097317,0,-4.194635,0,-0.2586059,0
16.24018,4.902681,-10,-2.097317,0,-4.194635,0,-0.2582875,0
16.26018,4.860735,-10,-2.097317,0,-4.194635,0,-0.2579697,0
16.28018,4.818789,-10,-2.097317,0,-4.194635,0,-0.2576528,0
16.30018,4.776842,-10,-2.097317,0,-4.194635,0,-0.2573367,0
16.32018,4.734896,-10,-2.097317,0,-4.194635,0,-0.2570213,0
16.34018,4.692949,-10,-2.097317,0,-4.194635,0,-0.2567067,0
16.36018,4.651003,-10,-2.097317,0,-4.194635,0,-0.2563929,0
16.38018,4.609056,-10,-2.097317,0,-4.194635,0,-0.2560799,0
16.40018,4.56711,-10,-2.097317,0,-4.194635,0,-0.2557676,0
16.42019,4.525164,-10,-2.097317,0,-4.194635,0,-0.255456,0
16.44019,4.483217,-10,-2.097317,0,-4.194635,0,-0.2551452,0
16.46019,4.441271,-10,-2.097317,0,-4.194635,0,-0.2548352,0
16.48019,4.399324,-10,-2.097317,0,-4.194635,0,-0.2545259,0
16.50019,4.357378,-10,-2.097317,0,-4.194635,0,-0.2542174,0
16.52019,4.315432,-10,-2.097317,0,-4.194635,0,-0.2539096,0
16.54019,4.273485,-10,-2.097317,0,-4.194635,0,-0.2536026,0
16.56019,4.231539,-10,-2.097317,0,-4.194635,0,-0.2532963,0
16.58019,4.189592,-10,-2.097317,0,-4.194635,0,-0.2529908,0
16.60019,4.147646,-10,-2.097317,0,-4.194635,0,-0.252686,0
16.62019,4.1057,-10,-2.097317,0,-4.194635,0,-0.2523819,0
16.64019,4.063753,-10,-2.097317,0,-4.194635,0,-0.2520785,0
16.66019,4.021807,-10,-2.097317,0,-4.194635,0,-0.2517759,0
16.68019,3.97986,-10,-2.097317,0,-4.194635,0,-0.251474,0
16.70019,3.937914,-10,-2.097317,0,-4.194635,0,-0.2511729,0
16.72019,3.895967,-10,-2.097317,0,-4.194635,0,-0.2508724,0
16.74019,3.854021,-10,-2.097317,0,-4.194635,0,-0.2505727,0
16.76019,3.812075,-10,-2.097317,0,-4.194635,0,-0.2502737,0
16.78019,3.770128,-10,-2.097317,0,-4.194635,0,-0.2499754,0
16.80019,3.728182,-10,-2.097317,0,-4.194635,0,-0.2496778,0
16.82019,3.686235,-10,-2.097317,0,-4.194635,0,-0.2493809,0
16.84019,3.644289,-10,-2.097317,0,-4.194635,0,-0.2490847,0
16.8602,3.602343,-10,-2.097317,0,-4.194635,0,-0.2487892,0
16.8802,3.560396,-10,-2.097317,0,-4.194635,0,-0.2484944,0
16.9002,3.51845,-10,-2.097317,0,-4.194635,0,-0.2482004,0
16.9202,3.476503,-10,-2.097317,0,-4.194635,0,-0.247907,0
16.9402,3.434557,-10,-2.097317,0,-4.194635,0,-0.2476143,0
16.9602,3.392611,-10,-2.097317,0,-4.194635,0,-0.2473223,0
16.9802,3.350664,-10,-2.097317,0,-4.194635,0,-0.247031,0
17.0002,3.308718,-10,-2.097317,0,-4.194635,0,-0.2467404,0
17.0202,3.266771,-10,-2.097317,0,-4.194635,0,-0.2464504,0
17.0402,3.224825,-10,-2.097317,0,-4.194635,0,-0.2461611,0
17.0602,3.182878,-10,-2.097317,0,-4.194635,0,-0.2458726,0
17.0802,3.140932,-10,-2.097317,0,-4.194635,0,-0.2455847,0
17.1002,3.098986,-10,-2.097317,0,-4.194635,0,-0.2452974,0
17.1202,3.057039,-10,-2.097317,0,-4.194635,0,-0.2450108,0
17.1402,3.015093,-10,-2.097317,0,-4.194635,0,-0.2447249,0
17.1602,2.973146,-10,-2.097317,0,-4.194635,0,-0.2444397,0
17.1802,2.9312,-10,-2.097317,0,-4.194635,0,-0.2441552,0
17.2002,2.889254,-10,-2.097317,0,-4.194635,0,-0.2438712,0
17.2202,2.847307,-10,-2.097317,0,-4.194635,0,-0.243588,0
17.2402,2.805361,-10,-2.097317,0,-4.194635,0,-0.2433054,0
17.2602,2.763414,-10,-2.097317,0,-4.194635,0,-0.2430235,0
17.2802,2.721468,-10,-2.097317,0,-4.194635,0,-0.2427422,0
17.30021,2.679522,-10,-2.097317,0,-4.194635,0,-0.2424616,0
17.32021,2.637575,-10,-2.097317,0,-4.194635,0,-0.2421816,0
17.34021,2.595629,-10,-2.097317,0,-4.194635,0,-0.2419022,0
17.36021,2.553682,-10,-2.097317,0,-4.194635,0,-0.2416236,0
17.38021,2.511736,-10,-2.097317,0,-4.194635,0,-0.2413455,0
17.40021,2.46979,-10,-2.097317,0,-4.194635,0,-0.2410681,0
17.42021,2.427843,-10,-2.097317,0,-4.194635,0,-0.2407913,0
17.44021,2.385897,-10,-2.097317,0,-4.194635,0,-0.2405152,0
17.46021,2.34395,-10,-2.097317,0,-4.194635,0,-0.2402397,0
17.48021,2.302004,-10,-2.097317,0,-4.194635,0,-0.2399648,0
17.50021,2.260057,-10,-2.097317,0,-4.194635,0,-0.2396906,0
17.52021,2.218111,-10,-2.097317,0,-4.194635,0,-0.2394169,0
17.54021,2.176165,-10,-2.097317,0,-4.194635,0,-0.2391439,0
17.56021,2.134218,-10,-2.097317,0,-4.194635,0,-0.2388716,0
17.58021,2.092272,-10,-2.097317,0,-4.194635,0,-0.2385998,0
17.60021,2.050325,-10,-2.097317,0,-4.194635,0,-0.2383287,0
17.62021,2.008379,-10,-2.097317,0,-4.194635,0,-0.2380581,0
17.64021,1.966433,-10,-2.097317,0,-4.194635,0,-0.2377882,0
17.66021,1.924486,-10,-2.097317,0,-4.194635,0,-0.2375189,0
17.68021,1.88254,-10,-2.097317,0,-4.194635,0,-0.2372502,0
17.70021,1.840594,-10,-2.097317,0,-4.194635,0,-0.2369822,0
17.72021,1.798648,-10,-2.097317,0,-4.194635,0,-0.2367147,0
17.74022,1.756701,-10,-2.097317,0,-4.194635,0,-0.2364478,0
17.76022,1.714755,-10,-2.097317,0,-4.194635,0,-0.2361815,0
17.78022,1.672809,-10,-2.097317,0,-4.194635,0,-0.2359159,0
17.80022,1.630862,-10,-2.097317,0,-4.194635,0,-0.2356508,0
17.82022,1.588916,-10,-2.097317,0,-4.194635,0,-0.2353863,0
17.84022,1.54697,-10,-2.097317,0,-4.194635,0,-0.2351224,0
17.86022,1.505023,-10,-2.097317,0,-4.194635,0,-0.2348591,0
17.88022,1.463077,-10,-2.097317,0,-4.194635,0,-0.2345964,0
17.90022,1.421131,-10,-2.097317,0,-4.194635,0,-0.2343343,0
17.92022,1.379185,-10,-2.097317,0,-4.194635,0,-0.2340727,0
17.94022,1.337238,-10,-2.097317,0,-4.194635,0,-0.2338118,0
17.96022,1.295292,-10,-2.097317,0,-4.194635,0,-0.2335514,0
17.98022,1.253346,-10,-2.097317,0,-4.194635,0,-0.2332916,0
18.00022,1.211399,-10,-2.097317,0,-4.194635,0,-0.2330324,0
18.02022,1.169453,-10,-2.097317,0,-4.194635,0,-0.2327738,0
18.04022,1.127507,-10,-2.097317,0,-4.194635,0,-0.2325157,0
18.06022,1.085561,-10,-2.097317,0,-4.194635,0,-0.2322582,0
18.08022,1.043614,-10,-2.097317,0,-4.194635,0,-0.2320013,0
18.10022,1.001668,-10,-2.097317,0,-4.194635,0,-0.2317449,0
18.12022,0.9597216,-10,-2.097317,0,-4.194635,0,-0.2314891,0
18.14022,0.9177753,-10,-2.097317,0,-4.194635,0,-0.2312339,0
18.16022,0.8758289,-10,-2.097317,0,-4.194635,0,-0.2309792,0
18.18023,0.8338826,-10,-2.097317,0,-4.194635,0,-0.2307251,0
18.20023,0.7919362,-10,-2.097317,0,-4.194635,0,-0.2304716,0
18.22023,0.7499899,-10,-2.097317,0,-4.194635,0,-0.2302186,0
18.24023,0.7080435,-10,-2.097317,0,-4.194635,0,-0.2299662,0
18.26023,0.6660972,-10,-2.097317,0,-4.194635,0,-0.2297143,0
18.28023,0.6241508,-10,-2.097317,0,-4.194635,0,-0.229463,0
18.30023,0.5822045,-10,-2.097317,0,-4.194635,0,-0.2292122,0
18.32023,0.5402581,-10,-2.097317,0,-4.194635,0,-0.2289619,0
18.34023,0.4983118,-10,-2.097317,0,-4.194635,0,-0.2287122,0
18.36023,0.4563654,-10,-2.097317,0,-4.194635,0,-0.2284631,0
18.38023,0.4144191,-10,-2.097317,0,-4.194635,0,-0.2282145,0
18.40023,0.3724727,-10,-2.097317,0,-4.194635,0,-0.2279664,0
18.42023,0.3305264,-10,-2.097317,0,-4.194635,0,-0.2277189,0
18.44023,0.28858,-10,-2.097317,0,-4.194635,0,-0.2274719,0
18.46023,0.2466336,-10,-2.097317,0,-4.194635,0,-0.2272255,0
18.48023,0.2046873,-10,-2.097317,0,-4.194635,0,-0.2269796,0
18.50023,0.1627409,-10,-2.097317,0,-4.194635,0,-0.2267342,0
18.52023,0.1207946,-10,-2.097317,0,-4.194635,0,-0.2264893,0
18.54023,0.07884824,-10,-2.097317,0,-4.194635,0,-0.226245,0
18.56023,0.03690189,-10,-2.097317,0,-4.194635,0,-0.2260012,0
18.58023,-0.005044453,-10,-2.097317,0,-4.194635,0,-0.2257579,0
18.60023,-0.0469908,-10,-2.097317,0,-4.194635,0,-0.2255152,0
18.62024,-0.08893715,-10,-2.097317,0,-4.194635,0,-0.2252729,0
18.64024,-0.1308835,-10,-2.097317,0,-4.194635,0,-0.2250312,0
18.66024,-0.1728299,-10,-2.097317,0,-4.194635,0,-0.22479,0
18.68024,-0.2147762,-10,-2.097317,0,-4.194635,0,-0.2245493,0
18.70024,-0.2567225,-10,-2.097317,0,-4.194635,0,-0.2243092,0
18.72024,-0.2986689,-10,-2.097317,0,-4.194635,0,-0.2240695,0
18.74024,-0.3406152,-10,-2.097317,0,-4.194635,0,-0.2238304,0
18.76024,-0.3825616,-10,-2.097317,0,-4.194635,0,-0.2235918,0
18.78024,-0.4245079,-10,-2.097317,0,-4.194635,0,-0.2233537,0
18.80024,-0.4664543,-10,-2.097317,0,-4.194635,0,-0.223116,0
18.82024,-0.5084006,-10,-2.097317,0,-4.194635,0,-0.2228789,0
18.84024,-0.550347,-10,-2.097317,0,-4.194635,0,-0.2226423,0
18.86024,-0.5922933,-10,-2.097317,0,-4.194635,0,-0.2224062,0
18.88024,-0.6342397,-10,-2.097317,0,-4.194635,0,-0.2221706,0
18.90024,-0.676186,-10,-2.097317,0,-4.194635,0,-0.2219355,0
18.92024,-0.7181324,-10,-2.097317,0,-4.194635,0,-0.2217009,0
18.94024,-0.7600787,-10,-2.097317,0,-4.194635,0,-0.2214668,0
18.96024,-0.8020251,-10,-2.097317,0,-4.194635,0,-0.2212332,0
18.98024,-0.8439714,-10,-2.097317,0,-4.194635,0,-0.2210001,0
19.00024,-0.8859178,-10,-2.097317,0,-4.194635,0,-0.2207674,0
19.02024,-0.9278641,-10,-2.097317,0,-4.194635,0,-0.2205353,0
19.04025,-0.9698105,-10,-2.097317,0,-4.194635,0,-0.2203036,0
19.06025,-1.011757,-10,-2.097317,0,-4.194635,0,-0.2200724,0
19.08025,-1.053703,-10,-2.097317,0,-4.194635,0,-0.2198418,0
19.10025,-1.095649,-10,-2.097317,0,-4.194635,0,-0.2196116,0
19.12025,-1.137596,-10,-2.097317,0,-4.194635,0,-0.2193818,0
19.14025,-1.179542,-10,-2.097317,0,-4.194635,0,-0.2191526,0
19.16025,-1.221488,-10,-2.097317,0,-4.194635,0,-0.2189238,0
19.18025,-1.263435,-10,-2.097317,0,-4.194635,0,-0.2186956,0
19.20025,-1.305381,-10,-2.097317,0,-4.194635,0,-0.2184677,0
19.22025,-1.347327,-10,-2.097317,0,-4.194635,0,-0.2182404,0
19.24025,-1.389273,-10,-2.097317,0,-4.194635,0,-0.2180135,0
19.26025,-1.43122,-10,-2.097317,0,-4.194635,0,-0.2177871,0
19.28025,-1.473166,-10,-2.097317,0,-4.194635,0,-0.2175612,0
19.30025,-1.515112,-10,-2.097317,0,-4.194635,0,-0.2173358,0
19.32025,-1.557059,-10,-2.097317,0,-4.194635,0,-0.2171108,0
19.34025,-1.599005,-10,-2.097317,0,-4.194635,0,-0.2168863,0
19.36025,-1.640951,-10,-2.097317,0,-4.194635,0,-0.2166622,0
19.38025,-1.682897,-10,-2.097317,0,-4.194635,0,-0.2164386,0
19.40025,-1.724844,-10,-2.097317,0,-4.194635,0,-0.2162155,0
19.42025,-1.76679,-10,-2.097317,0,-4.194635,0,-0.2159928,0
19.44025,-1.808736,-10,-2.097317,0,-4.194635,0,-0.2157706,0
19.46025,-1.850683,-10,-2.097317,0,-4.194635,0,-0.2155488,0
19.48026,-1.892629,-10,-2.097317,0,-4.194635,0,-0.2153275,0
19.50026,-1.934575,-10,-2.097317,0,-4.194635,0,-0.2151067,0
19.52026,-1.976521,-10,-2.097317,0,-4.194635,0,-0.2148863,0
19.54026,-2.018468,-10,-2.097317,0,-4.194635,0,-0.2146663,0
19.56026,-2.060414,-10,-2.097317,0,-4.194635,0,-0.2144468,0
19.58026,-2.102361,-10,-2.097317,0,-4.194635,0,-0.2142278,0
19.60026,-2.144307,-10,-2.097317,0,-4.194635,0,-0.2140092,0
19.62026,-2.186254,-10,-2.097317,0,-4.194635,0,-0.213791,0
19.64026,-2.2282,-10,-2.097317,0,-4.194635,0,-0.2135733,0
19.66026,-2.270146,-10,-2.097317,0,-4.194635,0,-0.213356,0
19.68026,-2.312093,-10,-2.097317,0,-4.194635,0,-0.2131392,0
19.70026,-2.354039,-10,-2.097317,0,-4.194635,0,-0.2129228,0
19.72026,-2.395986,-10,-2.097317,0,-4.194635,0,-0.2127069,0
19.74026,-2.437932,-10,-2.097317,0,-4.194635,0,-0.2124914,0
19.76026,-2.479878,-10,-2.097317,0,-4.194635,0,-0.2122763,0
19.78026,-2.521825,-10,-2.097317,0,-4.194635,0,-0.2120616,0
19.80026,-2.563771,-10,-2.097317,0,-4.194635,0,-0.2118474,0
19.82026,-2.605718,-10,-2.097317,0,-4.194635,0,-0.2116337,0
19.84026,-2.647664,-10,-2.097317,0,-4.194635,0,-0.2114203,0
19.86026,-2.68961,-10,-2.097317,0,-4.194635,0,-0.2112074,0
19.88026,-2.731557,-10,-2.097317,0,-4.194635,0,-0.2109949,0
19.90026,-2.773503,-10,-2.097317,0,-4.194635,0,-0.2107829,0
19.92027,-2.81545,-10,-2.097317,0,-4.194635,0,-0.2105712,0
19.94027,-2.857396,-10,-2.097317,0,-4.194635,0,-0.21036,0
19.96027,-2.899343,-10,-2.097317,0,-4.194635,0,-0.2101492,0
19.98027,-2.941289,-10,-2.097317,0,-4.194635,0,-0.2099389,0
20.00027,-2.983235,-10,-2.097317,0,-4.194635,0,-0.2097289,0
20.02027,-3.025182,-10,-2.097317,0,-4.194635,0,-0.2095194,0
20.04027,-3.067128,-10,-2.097317,0,-4.194635,0,-0.2093103,0
20.06027,-3.109075,-10,-2.097317,0,-4.194635,0,-0.2091016,0
20.08027,-3.151021,-10,-2.097317,0,-4.194635,0,-0.2088934,0
20.10027,-3.192967,-10,-2.097317,0,-4.194635,0,-0.2086855,0
20.12027,-3.234914,-10,-2.097317,0,-4.194635,0,-0.2084781,0
20.14027,-3.27686,-10,-2.097317,0,-4.194635,0,-0.208271,0
20.16027,-3.318807,-10,-2.097317,0,-4.194635,0,-0.2080644,0
20.18027,-3.360753,-10,-2.097317,0,-4.194635,0,-0.2078582,0
20.20027,-3.402699,-10,-2.097317,0,-4.194635,0,-0.2076524,0
20.22027,-3.444646,-10,-2.097317,0,-4.194635,0,-0.207447,0
20.24027,-3.486592,-10,-2.097317,0,-4.194635,0,-0.207242,0
20.26027,-3.528539,-10,-2.097317,0,-4.194635,0,-0.2070374,0
20.28027,-3.570485,-10,-2.097317,0,-4.194635,0,-0.2068333,0
20.30027,-3.612432,-10,-2.097317,0,-4.194635,0,-0.2066295,0
20.32027,-3.654378,-10,-2.097317,0,-4.194635,0,-0.2064261,0
20.34027,-3.696324,-10,-2.097317,0,-4.194635,0,-0.2062231,0
20.36028,-3.738271,-10,-2.097317,0,-4.194635,0,-0.2060205,0
20.38028,-3.780217,-10,-2.097317,0,-4.194635,0,-0.2058184,0
20.40028,-3.822164,-10,-2.097317,0,-4.194635,0,-0.2056166,0
20.42028,-3.86411,-10,-2.097317,0,-4.194635,0,-0.2054152,0
20.44028,-3.906056,-10,-2.097317,0,-4.194635,0,-0.2052142,0
20.46028,-3.948003,-10,-2.097317,0,-4.194635,0,-0.2050136,0
20.48028,-3.989949,-10,-2.097317,0,-4.194635,0,-0.2048134,0
20.50028,-4.031896,-10,-2.097317,0,-4.194635,0,-0.2046136,0
20.52028,-4.073842,-10,-2.097317,0,-4.194635,0,-0.2044141,0
20.54028,-4.115788,-10,-2.097317,0,-4.194635,0,-0.2042151,0
20.56028,-4.157735,-10,-2.097317,0,-4.194635,0,-0.2040164,0
20.58028,-4.199681,-10,-2.097317,0,-4.194635,0,-0.2038182,0
20.60028,-4.241628,-10,-2.097317,0,-4.194635,0,-0.2036203,0
20.62028,-4.283574,-10,-2.097317,0,-4.194635,0,-0.2034228,0
20.64028,-4.325521,-10,-2.097317,0,-4.194635,0,-0.2032257,0
20.66028,-4.367467,-10,-2.097317,0,-4.194635,0,-0.2030289,0
20.68028,-4.409413,-10,-2.097317,0,-4.194635,0,-0.2028326,0
20.70028,-4.45136,-10,-2.097317,0,-4.194635,0,-0.2026366,0
20.72028,-4.493306,-10,-2.097317,0,-4.194635,0,-0.202441,0
20.74028,-4.535253,-10,-2.097317,0,-4.194635,0,-0.2022458,0
20.76028,-4.577199,-10,-2.097317,0,-4.194635,0,-0.2020509,0
20.78028,-4.619145,-10,-2.097317,0,-4.194635,0,-0.2018565,0
20.80029,-4.661092,-10,-2.097317,0,-4.194635,0,-0.2016624,0
20.82029,-4.703038,-10,-2.097317,0,-4.194635,0,-0.2014686,0
20.84029,-4.744985,-10,-2.097317,0,-4.194635,0,-0.2012753,0
20.86029,-4.786931,-10,-2.097317,0,-4.194635,0,-0.2010823,0
20.88029,-4.828877,-10,-2.097317,0,-4.194635,0,-0.2008897,0
20.90029,-4.870824,-10,-2.097317,0,-4.194635,0,-0.2006975,0
20.92029,-4.91277,-10,-2.097317,0,-4.194635,0,-0.2005056,0
20.94029,-4.954717,-10,-2.097317,0,-4.194635,0,-0.2003141,0
20.96029,-4.996663,-10,-2.097317,0,-4.194635,0,-0.200123,0
20.98029,-5.03861,-10,-2.097317,0,-4.194635,0,-0.1999322,0
21.00029,-5.080556,-10,-2.097317,0,-4.194635,0,-0.1997418,0
21.02029,-5.122502,-10,-2.097317,0,-4.194635,0,-0.1995517,0
21.04029,-5.164449,-10,-2.097317,0,-4.194635,0,-0.199362,0
21.06029,-5.206395,-10,-2.097317,0,-4.194635,0,-0.1991727,0
21.08029,-5.248342,-10,-2.097317,0,-4.194635,0,-0.1989837,0
21.10029,-5.290288,-10,-2.097317,0,-4.194635,0,-0.1987951,0
21.12029,-5.332234,-10,-2.097317,0,-4.194635,0,-0.1986068,0
21.14029,-5.374181,-10,-2.097317,0,-4.194635,0,-0.198419,0
21.16029,-5.416127,-10,-2.097317,0,-4.194635,0,-0.1982314,0
21.18029,-5.458074,-10,-2.097317,0,-4.194635,0,-0.1980442,0
21.20029,-5.50002,-10,-2.097317,0,-4.194635,0,-0.1978574,0
21.22029,-5.541966,-10,-2.097317,0,-4.194635,0,-0.1976709,0
21.2403,-5.583913,-10,-2.097317,0,-4.194635,0,-0.1974848,0
21.2603,-5.625859,-10,-2.097317,0,-4.194635,0,-0.197299,0
21.2803,-5.667806,-10,-2.097317,0,-4.194635,0,-0.1971136,0
21.3003,-5.709752,-10,-2.097317,0,-4.194635,0,-0.1969285,0
21.3203,-5.751698,-10,-2.097317,0,-4.194635,0,-0.1967437,0
21.3403,-5.793645,-10,-2.097317,0,-4.194635,0,-0.1965593,0
21.3603,-5.835591,-10,-2.097317,0,-4.194635,0,-0.1963753,0
21.3803,-5.877538,-10,-2.097317,0,-4.194635,0,-0.1961916,0
21.4003,-5.919484,-10,-2.097317,0,-4.194635,0,-0.1960082,0
21.4203,-5.961431,-10,-2.097317,0,-4.194635,0,-0.1958252,0
21.4403,-6.003377,-10,-2.097317,0,-4.194635,0,-0.1956425,0
21.4603,-6.045323,-10,-2.097317,0,-4.194635,0,-0.1954602,0
21.4803,-6.08727,-10,-2.097317,0,-4.194635,0,-0.1952782,0
21.5003,-6.129216,-10,-2.097317,0,-4.194635,0,-0.1950966,0
21.5203,-6.171163,-10,-2.097317,0,-4.194635,0,-0.1949152,0
21.5403,-6.213109,-10,-2.097317,0,-4.194635,0,-0.1947343,0
21.5603,-6.255055,-10,-2.097317,0,-4.194635,0,-0.1945536,0
21.5803,-6.297002,-10,-2.097317,0,-4.194635,0,-0.1943733,0
21.6003,-6.338948,-10,-2.097317,0,-4.194635,0,-0.1941933,0
21.6203,-6.380895,-10,-2.097317,0,-4.194635,0,-0.1940137,0
21.6403,-6.422841,-10,-2.097317,0,-4.194635,0,-0.1938344,0
21.66031,-6.464787,-10,-2.097317,0,-4.194635,0,-0.1936554,0
21.68031,-6.506734,-10,-2.097317,0,-4.194635,0,-0.1934768,0
21.70031,-6.54868,-10,-2.097317,0,-4.194635,0,-0.1932984,0
21.72031,-6.590627,-10,-2.097317,0,-4.194635,0,-0.1931204,0
21.74031,-6.632573,-10,-2.097317,0,-4.194635,0,-0.1929428,0
21.76031,-6.67452,-10,-2.097317,0,-4.194635,0,-0.1927654,0
21.78031,-6.716466,-10,-2.097317,0,-4.194635,0,-0.1925884,0
21.80031,-6.758412,-10,-2.097317,0,-4.194635,0,-0.1924117,0
21.82031,-6.800359,-10,-2.097317,0,-4.194635,0,-0.1922354,0
21.84031,-6.842305,-10,-2.097317,0,-4.194635,0,-0.1920593,0
21.86031,-6.884252,-10,-2.097317,0,-4.194635,0,-0.1918836,0
21.88031,-6.926198,-10,-2.097317,0,-4.194635,0,-0.1917082,0
21.90031,-6.968144,-10,-2.097317,0,-4.194635,0,-0.1915331,0
21.92031,-7.010091,-10,-2.097317,0,-4.194635,0,-0.1913584,0
21.94031,-7.052037,-10,-2.097317,0,-4.194635,0,-0.1911839,0
21.96031,-7.093984,-10,-2.097317,0,-4.194635,0,-0.1910098,0
21.98031,-7.13593,-10,-2.097317,0,-4.194635,0,-0.190836,0
22.00031,-7.177876,-10,-2.097317,0,-4.194635,0,-0.1906625,0
22.02031,-7.219823,-10,-2.097317,0,-4.194635,0,-0.1904893,0
22.04031,-7.261769,-10,-2.097317,0,-4.194635,0,-0.1903165,0
22.06031,-7.303716,-10,-2.097317,0,-4.194635,0,-0.1901439,0
22.08031,-7.345662,-10,-2.097317,0,-4.194635,0,-0.1899717,0
22.10032,-7.387609,-10,-2.097317,0,-4.194635,0,-0.1897998,0
22.12032,-7.429555,-10,-2.097317,0,-4.194635,0,-0.1896282,0
22.14032,-7.471501,-10,-2.097317,0,-4.194635,0,-0.1894569,0
22.16032,-7.513448,-10,-2.097317,0,-4.194635,0,-0.1892859,0
22.18032,-7.555394,-10,-2.097317,0,-4.194635,0,-0.1891152,0
22.20032,-7.597341,-10,-2.097317,0,-4.194635,0,-0.1889448,0
22.22032,-7.639287,-10,-2.097317,0,-4.194635,0,-0.1887747,0
22.24032,-7.681233,-10,-2.097317,0,-4.194635,0,-0.188605,0
22.26032,-7.72318,-10,-2.097317,0,-4.194635,0,-0.1884355,0
22.28032,-7.765126,-10,-2.097317,0,-4.194635,0,-0.1882664,0
22.30032,-7.807073,-10,-2.097317,0,-4.194635,0,-0.1880975,0
22.32032,-7.849019,-10,-2.097317,0,-4.194635,0,-0.187929,0
22.34032,-7.890965,-10,-2.097317,0,-4.194635,0,-0.1877607,0
22.36032,-7.932912,-10,-2.097317,0,-4.194635,0,-0.1875928,0
22.38032,-7.974858,-10,-2.097317,0,-4.194635,0,-0.1874251,0
22.40032,-8.016805,-10,-2.097317,0,-4.194635,0,-0.1872578,0
22.42032,-8.058751,-10,-2.097317,0,-4.194635,0,-0.1870908,0
22.44032,-8.100698,-10,-2.097317,0,-4.194635,0,-0.186924,0
22.46032,-8.142644,-10,-2.097317,0,-4.194635,0,-0.1867575,0
22.48032,-8.18459,-10,-2.097317,0,-4.194635,0,-0.1865914,0
22.50032,-8.226537,-10,-2.097317,0,-4.194635,0,-0.1864255,0
22.52032,-8.268483,-10,-2.097317,0,-4.194635,0,-0.18626,0
22.54033,-8.31043,-10,-2.097317,0,-4.194635,0,-0.1860947,0
22.56033,-8.352376,-10,-2.097317,0,-4.194635,0,-0.1859297,0
22.58033,-8.394322,-10,-2.097317,0,-4.194635,0,-0.185765,0
22.60033,-8.436269,-10,-2.097317,0,-4.194635,0,-0.1856006,0
22.62033,-8.478215,-10,-2.097317,0,-4.194635,0,-0.1854365,0
22.64033,-8.520162,-10,-2.097317,0,-4.194635,0,-0.1852727,0
22.66033,-8.533071,-10.02904,-1.048659,-1.048659,-2.097317,-2.097317,-0.09255459,-0.09255459
22.68033,-8.55243,-10.05162,-1.048659,-1.048659,-2.097317,-2.097317,-0.09247298,-0.09247298
22.70033,-8.573081,-10.07292,-1.048659,-1.048659,-2.097317,-2.097317,-0.0923915,-0.0923915
22.72033,-8.593989,-10.09396,-1.048659,-1.048659,-2.097317,-2.097317,-0.09231017,-0.09231017
22.74033,-8.61495,-10.11494,-1.048659,-1.048659,-2.097317,-2.097317,-0.09222898,-0.09222898
22.76033,-8.635921,-10.13592,-1.048659,-1.048659,-2.097317,-2.097317,-0.09214794,-0.09214794
22.78033,-8.656894,-10.15689,-1.048659,-1.048659,-2.097317,-2.097317,-0.09206703,-0.09206703
22.80033,-8.677867,-10.17787,-1.048659,-1.048659,-2.097317,-2.097317,-0.09198627,-0.09198627
22.82033,-8.69884,-10.19884,-1.048659,-1.048659,-2.097317,-2.097317,-0.09190565,-0.09190565
22.84033,-8.719813,-10.21981,-1.048659,-1.048659,-2.097317,-2.097317,-0.09182517,-0.09182517
22.86033,-8.740787,-10.24079,-1.048659,-1.048659,-2.097317,-2.097317,-0.09174483,-0.09174483
22.88033,-8.76176,-10.26176,-1.048659,-1.048659,-2.097317,-2.097317,-0.09166464,-0.09166464
22.90033,-8.782733,-10.28273,-1.048659,-1.048659,-2.097317,-2.097317,-0.09158458,-0.09158458
22.92033,-8.803706,-10.30371,-1.048659,-1.048659,-2.097317,-2.097317,-0.09150466,-0.09150466
22.94033,-8.824679,-10.32468,-1.048659,-1.048659,-2.097317,-2.097317,-0.09142489,-0.09142489
22.96033,-8.845653,-10.34565,-1.048659,-1.048659,-2.097317,-2.097317,-0.09134525,-0.09134525
22.98034,-8.866626,-10.36662,-1.048659,-1.048659,-2.097317,-2.097317,-0.09126575,-0.09126575
23.00034,-8.887599,-10.3876,-1.048659,-1.048659,-2.097317,-2.097317,-0.09118638,-0.09118638
23.02034,-8.908572,-10.40857,-1.048659,-1.048659,-2.097317,-2.097317,-0.09110716,-0.09110716
23.04034,-8.929545,-10.42954,-1.048659,-1.048659,-2.097317,-2.097317,-0.09102807,-0.09102807
23.06034,-8.950519,-10.45052,-1.048659,-1.048659,-2.097317,-2.097317,-0.09094913,-0.09094913
23.08034,-8.971492,-10.47149,-1.048659,-1.048659,-2.097317,-2.097317,-0.09087031,-0.09087031
23.10034,-8.992465,-10.49246,-1.048659,-1.048659,-2.097317,-2.097317,-0.09079164,-0.09079164
23.12034,-9.013438,-10.51344,-1.048659,-1.048659,-2.097317,-2.097317,-0.0907131,-0.0907131
23.14034,-9.034411,-10.53441,-1.048659,-1.048659,-2.097317,-2.097317,-0.09063469,-0.09063469
23.16034,-9.055385,-10.55538,-1.048659,-1.048659,-2.097317,-2.097317,-0.09055642,-0.09055642
23.18034,-9.076358,-10.57636,-1.048659,-1.048659,-2.097317,-2.097317,-0.09047829,-0.09047829
23.20034,-9.097331,-10.59733,-1.048659,-1.048659,-2.097317,-2.097317,-0.09040029,-0.09040029
23.22034,-9.118304,-10.6183,-1.048659,-1.048659,-2.097317,-2.097317,-0.09032243,-0.09032243
23.24034,-9.139277,-10.63928,-1.048659,-1.048659,-2.097317,-2.097317,-0.0902447,-0.0902447
23.26034,-9.160251,-10.66025,-1.048659,-1.048659,-2.097317,-2.097317,-0.0901671,-0.0901671
23.28034,-9.181224,-10.68122,-1.048659,-1.048659,-2.097317,-2.097317,-0.09008963,-0.09008963
23.30034,-9.202197,-10.7022,-1.048659,-1.048659,-2.097317,-2.097317,-0.0900123,-0.0900123
23.32034,-9.22317,-10.72317,-1.048659,-1.048659,-2.097317,-2.097317,-0.0899351,-0.0899351
23.34034,-9.244143,-10.74414,-1.048659,-1.048659,-2.097317,-2.097317,-0.08985804,-0.08985804
23.36034,-9.265117,-10.76512,-1.048659,-1.048659,-2.097317,-2.097317,-0.08978111,-0.08978111
23.38034,-9.28609,-10.78609,-1.048659,-1.048659,-2.097317,-2.097317,-0.0897043,-0.0897043
23.40034,-9.307063,-10.80706,-1.048659,-1.048659,-2.097317,-2.097317,-0.08962763,-0.08962763
23.42035,-9.328036,-10.82804,-1.048659,-1.048659,-2.097317,-2.097317,-0.08955109,-0.08955109
23.44035,-9.34901,-10.84901,-1.048659,-1.048659,-2.097317,-2.097317,-0.08947468,-0.08947468
23.46035,-9.369983,-10.86998,-1.048659,-1.048659,-2.097317,-2.097317,-0.0893984,-0.0893984
23.48035,-9.390956,-10.89095,-1.048659,-1.048659,-2.097317,-2.097317,-0.08932225,-0.08932225
23.50035,-9.411929,-10.91193,-1.048659,-1.048659,-2.097317,-2.097317,-0.08924624,-0.08924624
23.52035,-9.432902,-10.9329,-1.048659,-1.048659,-2.097317,-2.097317,-0.08917034,-0.08917034
23.54035,-9.453876,-10.95387,-1.048659,-1.048659,-2.097317,-2.097317,-0.08909458,-0.08909458
23.56035,-9.474849,-10.97485,-1.048659,-1.048659,-2.097317,-2.097317,-0.08901895,-0.08901895
23.58035,-9.495822,-10.99582,-1.048659,-1.048659,-2.097317,-2.097317,-0.08894344,-0.08894344
23.60035,-9.516795,-11.01679,-1.048659,-1.048659,-2.097317,-2.097317,-0.08886807,-0.08886807
23.62035,-9.537768,-11.03777,-1.048659,-1.048659,-2.097317,-2.097317,-0.08879282,-0.08879282
23.64035,-9.558742,-11.05874,-1.048659,-1.048659,-2.097317,-2.097317,-0.0887177,-0.0887177
23.66035,-9.579715,-11.07971,-1.048659,-1.048659,-2.097317,-2.097317,-0.0886427,-0.0886427
23.68035,-9.600688,-11.10069,-1.048659,-1.048659,-2.097317,-2.097317,-0.08856784,-0.08856784
23.70035,-9.621661,-11.12166,-1.048659,-1.048659,-2.097317,-2.097317,-0.08849309,-0.08849309
23.72035,-9.642634,-11.14263,-1.048659,-1.048659,-2.097317,-2.097317,-0.08841848,-0.08841848
23.74035,-9.663608,-11.16361,-1.048659,-1.048659,-2.097317,-2.097317,-0.08834399,-0.08834399
23.76035,-9.684581,-11.18458,-1.048659,-1.048659,-2.097317,-2.097317,-0.08826963,-0.08826963
23.78035,-9.705554,-11.20555,-1.048659,-1.048659,-2.097317,-2.097317,-0.08819538,-0.08819538
23.80035,-9.726527,-11.22653,-1.048659,-1.048659,-2.097317,-2.097317,-0.08812127,-0.08812127
23.82035,-9.7475,-11.2475,-1.048659,-1.048659,-2.097317,-2.097317,-0.08804728,-0.08804728
23.84035,-9.768474,-11.26847,-1.048659,-1.048659,-2.097317,-2.097317,-0.08797342,-0.08797342
23.86036,-9.789447,-11.28945,-1.048659,-1.048659,-2.097317,-2.097317,-0.08789968,-0.08789968
23.88036,-9.81042,-11.31042,-1.048659,-1.048659,-2.097317,-2.097317,-0.08782606,-0.08782606
23.90036,-9.831393,-11.33139,-1.048659,-1.048659,-2.097317,-2.097317,-0.08775256,-0.08775256
23.92036,-9.852366,-11.35237,-1.048659,-1.048659,-2.097317,-2.097317,-0.08767918,-0.08767918
23.94036,-9.87334,-11.37334,-1.048659,-1.048659,-2.097317,-2.097317,-0.08760594,-0.08760594
23.96036,-9.894313,-11.39431,-1.048659,-1.048659,-2.097317,-2.097317,-0.08753281,-0.08753281
23.98036,-9.915286,-11.41529,-1.048659,-1.048659,-2.097317,-2.097317,-0.0874598,-0.0874598
24.00036,-9.936259,-11.43626,-1.048659,-1.048659,-2.097317,-2.097317,-0.08738692,-0.08738692
24.02036,-9.957232,-11.45723,-1.048659,-1.048659,-2.097317,-2.097317,-0.08731416,-0.08731416
24.04036,-9.978206,-11.4782,-1.048659,-1.048659,-2.097317,-2.097317,-0.08724152,-0.08724152
24.06036,-9.999179,-11.49918,-1.048659,-1.048659,-2.097317,-2.097317,-0.087169,-0.087169
24.08036,-10.02015,-11.52015,-1.048659,-1.048659,-2.097317,-2.097317,-0.08709659,-0.08709659
24.10036,-10.04113,-11.54112,-1.048659,-1.048659,-2.097317,-2.097317,-0.08702432,-0.08702432
24.12036,-10.0621,-11.5621,-1.048659,-1.048659,-2.097317,-2.097317,-0.08695216,-0.08695216
24.14036,-10.08307,-11.58307,-1.048659,-1.048659,-2.097317,-2.097317,-0.08688012,-0.08688012
24.16036,-10.10404,-11.60404,-1.048659,-1.048659,-2.097317,-2.097317,-0.0868082,-0.0868082
24.18036,-10.12502,-11.62502,-1.048659,-1.048659,-2.097317,-2.097317,-0.0867364,-0.0867364
24.20036,-10.14599,-11.64599,-1.048659,-1.048659,-2.097317,-2.097317,-0.08666471,-0.08666471
24.22036,-10.16696,-11.66696,-1.048659,-1.048659,-2.097317,-2.097317,-0.08659314,-0.08659314
24.24036,-10.18794,-11.68794,-1.048659,-1.048659,-2.097317,-2.097317,-0.0865217,-0.0865217
24.26036,-10.20891,-11.70891,-1.048659,-1.048659,-2.097317,-2.097317,-0.08645037,-0.08645037
24.28036,-10.22988,-11.72988,-1.048659,-1.048659,-2.097317,-2.097317,-0.08637916,-0.08637916
24.30037,-10.25086,-11.75086,-1.048659,-1.048659,-2.097317,-2.097317,-0.08630806,-0.08630806
24.32037,-10.27183,-11.77183,-1.048659,-1.048659,-2.097317,-2.097317,-0.08623709,-0.08623709
24.34037,-10.2928,-11.7928,-1.048659,-1.048659,-2.097317,-2.097317,-0.08616623,-0.08616623
24.36037,-10.31378,-11.81378,-1.048659,-1.048659,-2.097317,-2.097317,-0.08609548,-0.08609548
24.38037,-10.33475,-11.83475,-1.048659,-1.048659,-2.097317,-2.097317,-0.08602485,-0.08602485
24.40037,-10.35572,-11.85572,-1.048659,-1.048659,-2.097317,-2.097317,-0.08595434,-0.08595434
24.42037,-10.3767,-11.8767,-1.048659,-1.048659,-2.097317,-2.097317,-0.08588394,-0.08588394
24.44037,-10.39767,-11.89767,-1.048659,-1.048659,-2.097317,-2.097317,-0.08581366,-0.08581366
24.46037,-10.41864,-11.91864,-1.048659,-1.048659,-2.097317,-2.097317,-0.08574349,-0.08574349
24.48037,-10.43962,-11.93962,-1.048659,-1.048659,-2.097317,-2.097317,-0.08567344,-0.08567344
24.50037,-10.46059,-11.96059,-1.048659,-1.048659,-2.097317,-2.097317,-0.0856035,-0.0856035
24.52037,-10.48156,-11.98156,-1.048659,-1.048659,-2.097317,-2.097317,-0.08553368,-0.08553368
24.54037,-10.50254,-12.00253,-1.048659,-1.048659,-2.097317,-2.097317,-0.08546397,-0.08546397
24.56037,-10.52351,-12.02351,-1.048659,-1.048659,-2.097317,-2.097317,-0.08539437,-0.08539437
24.58037,-10.54448,-12.04448,-1.048659,-1.048659,-2.097317,-2.097317,-0.08532489,-0.08532489
24.60037,-10.56546,-12.06545,-1.048659,-1.048659,-2.097317,-2.097317,-0.08525552,-0.08525552
24.62037,-10.58643,-12.08643,-1.048659,-1.048659,-2.097317,-2.097317,-0.08518626,-0.08518626
24.64037,-10.6074,-12.1074,-1.048659,-1.048659,-2.097317,-2.097317,-0.08511712,-0.08511712
24.66037,-10.62838,-12.12837,-1.048659,-1.048659,-2.097317,-2.097317,-0.08504808,-0.08504808
24.68037,-10.64935,-12.14935,-1.048659,-1.048659,-2.097317,-2.097317,-0.08497916,-0.08497916
24.70037,-10.67032,-12.17032,-1.048659,-1.048659,-2.097317,-2.097317,-0.08491035,-0.08491035
24.72038,-10.69129,-12.19129,-1.048659,-1.048659,-2.097317,-2.097317,-0.08484165,-0.08484165
24.74038,-10.71227,-12.21227,-1.048659,-1.048659,-2.097317,-2.097317,-0.08477306,-0.08477306
24.76038,-10.73324,-12.23324,-1.048659,-1.048659,-2.097317,-2.097317,-0.08470459,-0.08470459
24.78038,-10.75421,-12.25421,-1.048659,-1.048659,-2.097317,-2.097317,-0.08463623,-0.08463623
24.80038,-10.77519,-12.27519,-1.048659,-1.048659,-2.097317,-2.097317,-0.08456796,-0.08456796
24.82038,-10.79616,-12.29616,-1.048659,-1.048659,-2.097317,-2.097317,-0.08449982,-0.08449982
24.84038,-10.81713,-12.31713,-1.048659,-1.048659,-2.097317,-2.097317,-0.08443178,-0.08443178
24.86038,-10.83811,-12.33811,-1.048659,-1.048659,-2.097317,-2.097317,-0.08436386,-0.08436386
24.88038,-10.85908,-12.35908,-1.048659,-1.048659,-2.097317,-2.097317,-0.08429604,-0.08429604
24.90038,-10.88005,-12.38005,-1.048659,-1.048659,-2.097317,-2.097317,-0.08422834,-0.08422834
24.92038,-10.90103,-12.40103,-1.048659,-1.048659,-2.097317,-2.097317,-0.08416074,-0.08416074
24.94038,-10.922,-12.422,-1.048659,-1.048659,-2.097317,-2.097317,-0.08409324,-0.08409324
24.96038,-10.94297,-12.44297,-1.048659,-1.048659,-2.097317,-2.097317,-0.08402586,-0.08402586
24.98038,-10.96395,-12.46395,-1.048659,-1.048659,-2.097317,-2.097317,-0.08395859,-0.08395859
25.00038,-10.98492,-12.48492,-1.048659,-1.048659,-2.097317,-2.097317,-0.08389142,-0.08389142
25.02038,-11.00589,-12.50589,-1.048659,-1.048659,-2.097317,-2.097317,-0.08382436,-0.08382436
25.04038,-11.02687,-12.52687,-1.048659,-1.048659,-2.097317,-2.097317,-0.08375741,-0.08375741
25.06038,-11.04784,-12.54784,-1.048659,-1.048659,-2.097317,-2.097317,-0.08369056,-0.08369056
25.08038,-11.06881,-12.56881,-1.048659,-1.048659,-2.097317,-2.097317,-0.08362382,-0.08362382
25.10038,-11.08979,-12.58978,-1.048659,-1.048659,-2.097317,-2.097317,-0.08355719,-0.08355719
25.12038,-11.11076,-12.61076,-1.048659,-1.048659,-2.097317,-2.097317,-0.08349066,-0.08349066
25.14038,-11.13173,-12.63173,-1.048659,-1.048659,-2.097317,-2.097317,-0.08342424,-0.08342424
25.16039,-11.15271,-12.6527,-1.048659,-1.048659,-2.097317,-2.097317,-0.08335792,-0.08335792
25.18039,-11.17368,-12.67368,-1.048659,-1.048659,-2.097317,-2.097317,-0.08329172,-0.08329172
25.20039,-11.19465,-12.69465,-1.048659,-1.048659,-2.097317,-2.097317,-0.08322561,-0.08322561
25.22039,-11.21562,-12.71562,-1.048659,-1.048659,-2.097317,-2.097317,-0.08315961,-0.08315961
25.24039,-11.2366,-12.7366,-1.048659,-1.048659,-2.097317,-2.097317,-0.08309371,-0.08309371
25.26039,-11.25757,-12.75757,-1.048659,-1.048659,-2.097317,-2.097317,-0.08302792,-0.08302792
25.28039,-11.27854,-12.77854,-1.048659,-1.048659,-2.097317,-2.097317,-0.08296224,-0.08296224
25.30039,-11.29952,-12.79952,-1.048659,-1.048659,-2.097317,-2.097317,-0.08289665,-0.08289665
25.32039,-11.32049,-12.82049,-1.048659,-1.048659,-2.097317,-2.097317,-0.08283117,-0.08283117
25.34039,-11.34146,-12.84146,-1.048659,-1.048659,-2.097317,-2.097317,-0.0827658,-0.0827658
25.36039,-11.36244,-12.86244,-1.048659,-1.048659,-2.097317,-2.097317,-0.08270052,-0.08270052
25.38039,-11.38341,-12.88341,-1.048659,-1.048659,-2.097317,-2.097317,-0.08263535,-0.08263535
25.40039,-11.40438,-12.90438,-1.048659,-1.048659,-2.097317,-2.097317,-0.08257028,-0.08257028
25.42039,-11.42536,-12.92536,-1.048659,-1.048659,-2.097317,-2.097317,-0.08250532,-0.08250532
25.44039,-11.44633,-12.94633,-1.048659,-1.048659,-2.097317,-2.097317,-0.08244046,-0.08244046
25.46039,-11.4673,-12.9673,-1.048659,-1.048659,-2.097317,-2.097317,-0.08237569,-0.08237569
25.48039,-11.48828,-12.98828,-1.048659,-1.048659,-2.097317,-2.097317,-0.08231103,-0.08231103
25.50039,-11.50925,-13.00925,-1.048659,-1.048659,-2.097317,-2.097317,-0.08224647,-0.08224647
25.52039,-11.53022,-13.03022,-1.048659,-1.048659,-2.097317,-2.097317,-0.08218202,-0.08218202
25.54039,-11.5512,-13.0512,-1.048659,-1.048659,-2.097317,-2.097317,-0.08211766,-0.08211766
25.56039,-11.57217,-13.07217,-1.048659,-1.048659,-2.097317,-2.097317,-0.08205341,-0.08205341
25.58039,-11.59314,-13.09314,-1.048659,-1.048659,-2.097317,-2.097317,-0.08198925,-0.08198925
25.6004,-11.61412,-13.11411,-1.048659,-1.048659,-2.097317,-2.097317,-0.0819252,-0.0819252
25.6204,-11.63509,-13.13509,-1.048659,-1.048659,-2.097317,-2.097317,-0.08186124,-0.08186124
25.6404,-11.65606,-13.15606,-1.048659,-1.048659,-2.097317,-2.097317,-0.08179739,-0.08179739
25.6604,-11.67704,-13.17703,-1.048659,-1.048659,-2.097317,-2.097317,-0.08173364,-0.08173364
25.6804,-11.69801,-13.19801,-1.048659,-1.048659,-2.097317,-2.097317,-0.08166998,-0.08166998
25.7004,-11.71898,-13.21898,-1.048659,-1.048659,-2.097317,-2.097317,-0.08160642,-0.08160642
25.7204,-11.73995,-13.23995,-1.048659,-1.048659,-2.097317,-2.097317,-0.08154296,-0.08154296
25.7404,-11.76093,-13.26093,-1.048659,-1.048659,-2.097317,-2.097317,-0.0814796,-0.0814796
25.7604,-11.7819,-13.2819,-1.048659,-1.048659,-2.097317,-2.097317,-0.08141635,-0.08141635
25.7804,-11.80287,-13.30287,-1.048659,-1.048659,-2.097317,-2.097317,-0.08135318,-0.08135318
25.8004,-11.82385,-13.32385,-1.048659,-1.048659,-2.097317,-2.097317,-0.08129012,-0.08129012
25.8204,-11.84482,-13.34482,-1.048659,-1.048659,-2.097317,-2.097317,-0.08122715,-0.08122715
25.8404,-11.86579,-13.36579,-1.048659,-1.048659,-2.097317,-2.097317,-0.08116428,-0.08116428
25.8604,-11.88677,-13.38677,-1.048659,-1.048659,-2.097317,-2.097317,-0.08110151,-0.08110151
25.8804,-11.90774,-13.40774,-1.048659,-1.048659,-2.097317,-2.097317,-0.08103883,-0.08103883
25.9004,-11.92871,-13.42871,-1.048659,-1.048659,-2.097317,-2.097317,-0.08097625,-0.08097625
25.9204,-11.94969,-13.44969,-1.048659,-1.048659,-2.097317,-2.097317,-0.08091377,-0.08091377
25.9404,-11.97066,-13.47066,-1.048659,-1.048659,-2.097317,-2.097317,-0.08085138,-0.08085138
25.9604,-11.99163,-13.49163,-1.048659,-1.048659,-2.097317,-2.097317,-0.0807891,-0.0807891
25.9804,-12.01261,-13.51261,-1.048659,-1.048659,-2.097317,-2.097317,-0.0807269,-0.0807269
26.0004,-12.03358,-13.53358,-1.048659,-1.048659,-2.097317,-2.097317,-0.0806648,-0.0806648
26.0204,-12.05455,-13.55455,-1.048659,-1.048659,-2.097317,-2.097317,-0.0806028,-0.0806028
26.04041,-12.07553,-13.57553,-1.048659,-1.048659,-2.097317,-2.097317,-0.08054089,-0.08054089
26.06041,-12.0965,-13.5965,-1.048659,-1.048659,-2.097317,-2.097317,-0.08047908,-0.08047908
26.08041,-12.11747,-13.61747,-1.048659,-1.048659,-2.097317,-2.097317,-0.08041736,-0.08041736
26.10041,-12.13845,-13.63844,-1.048659,-1.048659,-2.097317,-2.097317,-0.08035574,-0.08035574
26.12041,-12.15942,-13.65942,-1.048659,-1.048659,-2.097317,-2.097317,-0.08029421,-0.08029421
26.14041,-12.18039,-13.68039,-1.048659,-1.048659,-2.097317,-2.097317,-0.08023278,-0.08023278
26.16041,-12.20137,-13.70136,-1.048659,-1.048659,-2.097317,-2.097317,-0.08017144,-0.08017144
26.18041,-12.22234,-13.72234,-1.048659,-1.048659,-2.097317,-2.097317,-0.08011018,-0.08011018
26.20041,-12.24331,-13.74331,-1.048659,-1.048659,-2.097317,-2.097317,-0.08004904,-0.08004904
26.22041,-12.26429,-13.76428,-1.048659,-1.048659,-2.097317,-2.097317,-0.07998797,-0.07998797
26.24041,-12.28526,-13.78526,-1.048659,-1.048659,-2.097317,-2.097317,-0.079927,-0.079927
26.26041,-12.30623,-13.80623,-1.048659,-1.048659,-2.097317,-2.097317,-0.07986613,-0.07986613
26.28041,-12.3272,-13.8272,-1.048659,-1.048659,-2.097317,-2.097317,-0.07980535,-0.07980535
26.30041,-12.34818,-13.84818,-1.048659,-1.048659,-2.097317,-2.097317,-0.07974467,-0.07974467
26.32041,-12.36915,-13.86915,-1.048659,-1.048659,-2.097317,-2.097317,-0.07968406,-0.07968406
26.34041,-12.39012,-13.89012,-1.048659,-1.048659,-2.097317,-2.097317,-0.07962357,-0.07962357
26.36041,-12.4111,-13.9111,-1.048659,-1.048659,-2.097317,-2.097317,-0.07956315,-0.07956315
26.38041,-12.43207,-13.93207,-1.048659,-1.048659,-2.097317,-2.097317,-0.07950283,-0.07950283
26.40041,-12.45304,-13.95304,-1.048659,-1.048659,-2.097317,-2.097317,-0.0794426,-0.0794426
26.42041,-12.47402,-13.97402,-1.048659,-1.048659,-2.097317,-2.097317,-0.07938246,-0.07938246
26.44041,-12.49499,-13.99499,-1.048659,-1.048659,-2.097317,-2.097317,-0.07932241,-0.07932241
26.46041,-12.51596,-14.01596,-1.048659,-1.048659,-2.097317,-2.097317,-0.07926246,-0.07926246
26.48042,-12.53694,-14.03694,-1.048659,-1.048659,-2.097317,-2.097317,-0.07920259,-0.07920259
26.50042,-12.55791,-14.05791,-1.048659,-1.048659,-2.097317,-2.097317,-0.07914282,-0.07914282
26.52042,-12.57888,-14.07888,-1.048659,-1.048659,-2.097317,-2.097317,-0.07908313,-0.07908313
26.54042,-12.59986,-14.09986,-1.048659,-1.048659,-2.097317,-2.097317,-0.07902353,-0.07902353
26.56042,-12.62083,-14.12083,-1.048659,-1.048659,-2.097317,-2.097317,-0.07896402,-0.07896402
26.58042,-12.6418,-14.1418,-1.048659,-1.048659,-2.097317,-2.097317,-0.07890461,-0.07890461
26.60042,-12.66278,-14.16278,-1.048659,-1.048659,-2.097317,-2.097317,-0.07884528,-0.07884528
26.62042,-12.68375,-14.18375,-1.048659,-1.048659,-2.097317,-2.097317,-0.07878605,-0.07878605
26.64042,-12.70472,-14.20472,-1.048659,-1.048659,-2.097317,-2.097317,-0.0787269,-0.0787269
26.66042,-12.7257,-14.22569,-1.048659,-1.048659,-2.097317,-2.097317,-0.07866783,-0.07866783
26.68042,-12.74667,-14.24667,-1.048659,-1.048659,-2.097317,-2.097317,-0.07860886,-0.07860886
26.70042,-12.76764,-14.26764,-1.048659,-1.048659,-2.097317,-2.097317,-0.07854998,-0.07854998
26.72042,-12.78862,-14.28861,-1.048659,-1.048659,-2.097317,-2.097317,-0.07849118,-0.07849118
26.74042,-12.80959,-14.30959,-1.048659,-1.048659,-2.097317,-2.097317,-0.07843248,-0.07843248
26.76042,-12.83056,-14.33056,-1.048659,-1.048659,-2.097317,-2.097317,-0.07837386,-0.07837386
26.78042,-12.85153,-14.35153,-1.048659,-1.048659,-2.097317,-2.097317,-0.07831533,-0.07831533
26.80042,-12.87251,-14.37251,-1.048659,-1.048659,-2.097317,-2.097317,-0.07825688,-0.07825688
26.82042,-12.89348,-14.39348,-1.048659,-1.048659,-2.097317,-2.097317,-0.07819852,-0.07819852
26.84042,-12.91445,-14.41445,-1.048659,-1.048659,-2.097317,-2.097317,-0.07814025,-0.07814025
26.86042,-12.93543,-14.43543,-1.048659,-1.048659,-2.097317,-2.097317,-0.07808207,-0.07808207
26.88042,-12.9564,-14.4564,-1.048659,-1.048659,-2.097317,-2.097317,-0.07802397,-0.07802397
26.90042,-12.97737,-14.47737,-1.048659,-1.048659,-2.097317,-2.097317,-0.07796596,-0.07796596
26.92043,-12.99835,-14.49835,-1.048659,-1.048659,-2.097317,-2.097317,-0.07790804,-0.07790804
26.94043,-13.01932,-14.51932,-1.048659,-1.048659,-2.097317,-2.097317,-0.0778502,-0.0778502
26.96043,-13.04029,-14.54029,-1.048659,-1.048659,-2.097317,-2.097317,-0.07779244,-0.07779244
26.98043,-13.06127,-14.56127,-1.048659,-1.048659,-2.097317,-2.097317,-0.07773478,-0.07773478
27.00043,-13.08224,-14.58224,-1.048659,-1.048659,-2.097317,-2.097317,-0.0776772,-0.0776772
27.02043,-13.10321,-14.60321,-1.048659,-1.048659,-2.097317,-2.097317,-0.0776197,-0.0776197
27.04043,-13.12419,-14.62419,-1.048659,-1.048659,-2.097317,-2.097317,-0.07756229,-0.07756229
27.06043,-13.14516,-14.64516,-1.048659,-1.048659,-2.097317,-2.097317,-0.07750496,-0.07750496
27.08043,-13.16613,-14.66613,-1.048659,-1.048659,-2.097317,-2.097317,-0.07744772,-0.07744772
27.10043,-13.18711,-14.68711,-1.048659,-1.048659,-2.097317,-2.097317,-0.07739056,-0.07739056
27.12043,-13.20808,-14.70808,-1.048659,-1.048659,-2.097317,-2.097317,-0.07733349,-0.07733349
27.14043,-13.22905,-14.72905,-1.048659,-1.048659,-2.097317,-2.097317,-0.0772765,-0.0772765
27.16043,-13.25003,-14.75002,-1.048659,-1.048659,-2.097317,-2.097317,-0.0772196,-0.0772196
27.18043,-13.271,-14.771,-1.048659,-1.048659,-2.097317,-2.097317,-0.07716277,-0.07716277
27.20043,-13.29197,-14.79197,-1.048659,-1.048659,-2.097317,-2.097317,-0.07710604,-0.07710604
27.22043,-13.31295,-14.81294,-1.048659,-1.048659,-2.097317,-2.097317,-0.07704938,-0.07704938
27.24043,-13.33392,-14.83392,-1.048659,-1.048659,-2.097317,-2.097317,-0.07699281,-0.07699281
27.26043,-13.35489,-14.85489,-1.048659,-1.048659,-2.097317,-2.097317,-0.07693632,-0.07693632
27.28043,-13.37586,-14.87586,-1.048659,-1.048659,-2.097317,-2.097317,-0.07687992,-0.07687992
27.30043,-13.39684,-14.89684,-1.048659,-1.048659,-2.097317,-2.097317,-0.07682359,-0.07682359
27.32043,-13.41781,-14.91781,-1.048659,-1.048659,-2.097317,-2.097317,-0.07676736,-0.07676736
27.34044,-13.43878,-14.93878,-1.048659,-1.048659,-2.097317,-2.097317,-0.07671119,-0.07671119
27.36044,-13.45976,-14.95976,-1.048659,-1.048659,-2.097317,-2.097317,-0.07665512,-0.07665512
27.38044,-13.48073,-14.98073,-1.048659,-1.048659,-2.097317,-2.097317,-0.07659913,-0.07659913
