t,x1(t),x2(t),v1(t),v2(t),p1(t),p2(t),pg(t),F1(t),F2(t)
0.02,0,-4,0,0,0,0,0,0,0
0.04,0.0003999999,-4,0.02,0,0.04,0,0.04,0.9999999,0
0.06,0.0012,-4,0.04,0,0.07999999,0,0.07999999,1.333333,0
0.08,0.0024,-4,0.05999999,0,0.12,0,0.12,1.5,0
0.09999999,0.003999999,-4,0.07999999,0,0.16,0,0.16,1.6,0
0.12,0.005999999,-4,0.09999999,0,0.2,0,0.2,1.666667,0
0.14,0.008399999,-4,0.12,0,0.24,0,0.24,1.714286,0
0.16,0.0112,-4,0.14,0,0.28,0,0.28,1.75,0
0.18,0.0144,-4,0.16,0,0.32,0,0.32,1.777778,0
0.2,0.018,-4,0.18,8.609048E-31,0.36,1.72181E-30,0.36,1.8,8.609049E-30
0.22,0.022,-4,0.2,-1.371291E-29,0.3999999,-2.742583E-29,0.3999999,1.818182,-1.246629E-28
0.24,0.0264,-4,0.22,-4.945523E-29,0.4399999,-9.891047E-29,0.4399999,1.833333,-4.12127E-28
0.26,0.0312,-4,0.24,-8.882924E-29,0.4799999,-1.776585E-28,0.4799999,1.846154,-6.833019E-28
0.28,0.03639999,-4,0.26,-1.746904E-28,0.5199999,-3.493809E-28,0.5199999,1.857143,-1.247789E-27
0.3,0.04199999,-4,0.28,-2.673207E-28,0.5599999,-5.346414E-28,0.5599999,1.866667,-1.782138E-27
0.32,0.04799999,-4,0.3,-4.339753E-28,0.6,-8.679506E-28,0.6,1.875,-2.712345E-27
0.34,0.05439999,-4,0.32,-6.097021E-28,0.64,-1.219404E-27,0.64,1.882353,-3.586483E-27
0.36,0.06119999,-4,0.34,-8.98163E-28,0.68,-1.796326E-27,0.68,1.888889,-4.989794E-27
0.38,0.0684,-4,0.36,-1.202054E-27,0.72,-2.404109E-27,0.72,1.894737,-6.326602E-27
0.4,0.076,-4,0.38,-1.659465E-27,0.7600001,-3.318931E-27,0.7600001,1.9,-8.297326E-27
0.42,0.084,-4,0.4,-2.130273E-27,0.8000001,-4.260547E-27,0.8000001,1.904762,-1.014416E-26
0.4400001,0.0924,-4,0.42,0,0.8400001,0,0.8400001,1.909091,0
0.4600001,0.1012,-4,0.4400001,0,0.8800001,0,0.8800001,1.913043,0
0.4800001,0.1104,-4,0.4600001,0,0.9200001,0,0.9200001,1.916667,0
0.5000001,0.12,-4,0.4800001,0,0.9600002,0,0.9600002,1.92,0
0.52,0.13,-4,0.5000001,0,1,0,1,1.923077,0
0.54,0.1404,-4,0.52,0,1.04,0,1.04,1.925926,0
0.56,0.1512,-4,0.54,0,1.08,0,1.08,1.928571,0
0.58,0.1624,-4,0.56,0,1.12,0,1.12,1.931035,0
0.6,0.174,-4,0.58,0,1.16,0,1.16,1.933333,0
0.6199999,0.186,-4,0.6,0,1.2,0,1.2,1.935484,0
0.6399999,0.1984,-4,0.6199999,0,1.24,0,1.24,1.9375,0
0.6599999,0.2112,-4,0.6399999,0,1.28,0,1.28,1.939394,0
0.6799999,0.2244,-4,0.6599999,0,1.32,0,1.32,1.941177,0
0.6999999,0.238,-4,0.6799999,0,1.36,0,1.36,1.942857,0
0.7199998,0.252,-4,0.6999999,0,1.4,0,1.4,1.944445,0
0.7399998,0.2664,-4,0.7199998,0,1.44,0,1.44,1.945946,0
0.7599998,0.2812,-4,0.7399998,0,1.48,0,1.48,1.947369,0
0.7799998,0.2964,-4,0.7599998,0,1.52,0,1.52,1.948718,0
0.7999998,0.3119999,-4,0.7799998,0,1.56,0,1.56,1.95,0
0.8199998,0.3279999,-4,0.7999998,0,1.6,0,1.6,1.95122,0
0.8399997,0.3443999,-4,0.8199998,0,1.64,0,1.64,1.952381,0
0.8599997,0.3611999,-4,0.8399997,0,1.679999,0,1.679999,1.953488,0
0.8799997,0.3783999,-4,0.8599997,0,1.719999,0,1.719999,1.954545,0
0.8999997,0.3959999,-4,0.8799997,0,1.759999,0,1.759999,1.955556,0
0.9199997,0.4139999,-4,0.8999997,0,1.799999,0,1.799999,1.956522,0
0.9399996,0.4323999,-4,0.9199997,0,1.839999,0,1.839999,1.957447,0
0.9599996,0.4511999,-4,0.9399996,0,1.879999,0,1.879999,1.958333,0
0.9799996,0.4703999,-4,0.9599996,0,1.919999,0,1.919999,1.959184,0
0.9999996,0.4899999,-4,0.9799996,0,1.959999,0,1.959999,1.96,0
1.02,0.5099999,-4,0.9999996,0,1.999999,0,1.999999,1.960784,0
1.04,0.5303999,-4,1.02,0,2.039999,0,2.039999,1.961538,0
1.06,0.5511999,-4,1.04,0,2.079999,0,2.079999,1.962264,0
1.08,0.5723999,-4,1.06,0,2.119999,0,2.119999,1.962963,0
1.1,0.5939999,-4,1.08,0,2.159999,0,2.159999,1.963636,0
1.12,0.6159999,-4,1.1,0,2.199999,0,2.199999,1.964286,0
1.14,0.6383998,-4,1.12,0,2.239999,0,2.239999,1.964912,0
1.159999,0.6611998,-4,1.14,0,2.279999,0,2.279999,1.965517,0
1.179999,0.6843998,-4,1.159999,0,2.319999,0,2.319999,1.966102,0
1.199999,0.7079998,-4,1.179999,0,2.359999,0,2.359999,1.966667,0
1.219999,0.7319998,-4,1.199999,0,2.399999,0,2.399999,1.967213,0
1.239999,0.7563998,-4,1.219999,0,2.439999,0,2.439999,1.967742,0
1.259999,0.7811998,-4,1.239999,0,2.479999,0,2.479999,1.968254,0
1.279999,0.8063998,-4,1.259999,0,2.519999,0,2.519999,1.96875,0
1.299999,0.8319998,-4,1.279999,0,2.559999,0,2.559999,1.969231,0
1.319999,0.8579997,-4,1.299999,0,2.599999,0,2.599999,1.969697,0
1.339999,0.8843997,-4,1.319999,0,2.639999,0,2.639999,1.970149,0
1.359999,0.9111997,-4,1.339999,0,2.679999,0,2.679999,1.970588,0
1.379999,0.9383997,-4,1.359999,0,2.719999,0,2.719999,1.971014,0
1.399999,0.9659997,-4,1.379999,0,2.759999,0,2.759999,1.971429,0
1.419999,0.9939997,-4,1.399999,0,2.799999,0,2.799999,1.971831,0
1.439999,1.0224,-4,1.419999,0,2.839998,0,2.839998,1.972222,0
1.459999,1.0512,-4,1.439999,0,2.879998,0,2.879998,1.972603,0
1.479999,1.0804,-4,1.459999,0,2.919998,0,2.919998,1.972973,0
1.499999,1.11,-4,1.479999,0,2.959998,0,2.959998,1.973333,0
1.519999,1.14,-4,1.499999,0,2.999998,0,2.999998,1.973684,0
1.539999,1.1704,-4,1.519999,0,3.039998,0,3.039998,1.974026,0
1.559999,1.2012,-4,1.539999,0,3.079998,0,3.079998,1.974359,0
1.579999,1.2324,-4,1.559999,0,3.119998,0,3.119998,1.974684,0
1.599999,1.264,-4,1.579999,0,3.159998,0,3.159998,1.975,0
1.619999,1.296,-4,1.599999,0,3.199998,0,3.199998,1.975309,0
1.639999,1.3284,-4,1.619999,0,3.239998,0,3.239998,1.97561,0
1.659999,1.361199,-4,1.639999,0,3.279998,0,3.279998,1.975904,0
1.679999,1.3944,-4,1.659999,0,3.319998,0,3.319998,1.97619,0
1.699999,1.427999,-4,1.679999,0,3.359998,0,3.359998,1.976471,0
1.719999,1.461999,-4,1.699999,0,3.399998,0,3.399998,1.976744,0
1.739999,1.496399,-4,1.719999,0,3.439998,0,3.439998,1.977012,0
1.759999,1.531199,-4,1.739999,0,3.479998,0,3.479998,1.977273,0
1.779999,1.566399,-4,1.759999,0,3.519998,0,3.519998,1.977528,0
1.799999,1.601999,-4,1.779999,0,3.559998,0,3.559998,1.977778,0
1.819999,1.637999,-4,1.799999,0,3.599998,0,3.599998,1.978022,0
1.839999,1.674399,-4,1.819999,0,3.639998,0,3.639998,1.978261,0
1.859999,1.711199,-4,1.839999,0,3.679998,0,3.679998,1.978495,0
1.879999,1.748399,-4,1.859999,0,3.719998,0,3.719998,1.978723,0
1.899999,1.785999,-4,1.879999,0,3.759998,0,3.759998,1.978947,0
1.919999,1.823999,-4,1.899999,0,3.799998,0,3.799998,1.979167,0
1.939999,1.862399,-4,1.919999,0,3.839998,0,3.839998,1.979381,0
1.959999,1.901199,-4,1.939999,0,3.879997,0,3.879997,1.979592,0
1.979999,1.940399,-4,1.959999,0,3.919997,0,3.919997,1.979798,0
1.999999,1.979999,-4,1.979999,0,3.959997,0,3.959997,1.98,0
2.019999,2.019999,-4,1.999999,0,3.999997,0,3.999997,1.980198,0
2.039999,2.060399,-4,2.019999,0,4.039998,0,4.039998,1.980392,0
2.059999,2.100799,-4,2.019999,0,4.039998,0,4.039998,1.961165,0
2.079999,2.141199,-4,2.019999,0,4.039998,0,4.039998,1.942308,0
2.099999,2.181599,-4,2.019999,0,4.039998,0,4.039998,1.92381,0
2.119999,2.221999,-4,2.019999,0,4.039998,0,4.039998,1.90566,0
2.139999,2.262399,-4,2.019999,0,4.039998,0,4.039998,1.887851,0
2.159999,2.302799,-4,2.019999,0,4.039998,0,4.039998,1.87037,0
2.179999,2.343199,-4,2.019999,0,4.039998,0,4.039998,1.853211,0
2.199999,2.383599,-4,2.019999,0,4.039998,0,4.039998,1.836364,0
2.219999,2.423999,-4,2.019999,0,4.039998,0,4.039998,1.81982,0
2.239999,2.464399,-4,2.019999,0,4.039998,0,4.039998,1.803571,0
2.259999,2.504799,-4,2.019999,0,4.039998,0,4.039998,1.787611,0
2.279999,2.545199,-4,2.019999,0,4.039998,0,4.039998,1.77193,0
2.299999,2.585599,-4,2.019999,0,4.039998,0,4.039998,1.756522,0
2.319999,2.625999,-4,2.019999,0,4.039998,0,4.039998,1.741379,0
2.339998,2.666399,-4,2.019999,0,4.039998,0,4.039998,1.726496,0
2.359998,2.7068,-4,2.019999,0,4.039998,0,4.039998,1.711864,0
2.379998,2.7472,-4,2.019999,0,4.039998,0,4.039998,1.697479,0
2.399998,2.7876,-4,2.019999,0,4.039998,0,4.039998,1.683333,0
2.419998,2.828,-4,2.019999,0,4.039998,0,4.039998,1.669422,0
2.439998,2.8684,-4,2.019999,0,4.039998,0,4.039998,1.655738,0
2.459998,2.9088,-4,2.019999,0,4.039998,0,4.039998,1.642277,0
2.479998,2.9492,-4,2.019999,0,4.039998,0,4.039998,1.629032,0
2.499998,2.9896,-4,2.019999,0,4.039998,0,4.039998,1.616,0
2.519998,3.03,-4,2.019999,0,4.039998,0,4.039998,1.603175,0
2.539998,3.0704,-4,2.019999,0,4.039998,0,4.039998,1.590551,0
2.559998,3.1108,-4,2.019999,0,4.039998,0,4.039998,1.578125,0
2.579998,3.1512,-4,2.019999,0,4.039998,0,4.039998,1.565892,0
2.599998,3.1916,-4,2.019999,0,4.039998,0,4.039998,1.553846,0
2.619998,3.232,-4,2.019999,0,4.039998,0,4.039998,1.541985,0
2.639998,3.2724,-4,2.019999,0,4.039998,0,4.039998,1.530303,0
2.659998,3.3128,-4,2.019999,0,4.039998,0,4.039998,1.518797,0
2.679998,3.3532,-4,2.019999,0,4.039998,0,4.039998,1.507463,0
2.699998,3.3936,-4,2.019999,0,4.039998,0,4.039998,1.496296,0
2.719998,3.434,-4,2.019999,0,4.039998,0,4.039998,1.485294,0
2.739998,3.4744,-4,2.019999,0,4.039998,0,4.039998,1.474453,0
2.759998,3.5148,-4,2.019999,0,4.039998,0,4.039998,1.463768,0
2.779998,3.5552,-4,2.019999,0,4.039998,0,4.039998,1.453238,0
2.799998,3.5956,-4,2.019999,0,4.039998,0,4.039998,1.442857,0
2.819998,3.636,-4,2.019999,0,4.039998,0,4.039998,1.432624,0
2.839998,3.6764,-4,2.019999,0,4.039998,0,4.039998,1.422535,0
2.859998,3.7168,-4,2.019999,0,4.039998,0,4.039998,1.412588,0
2.879998,3.7572,-4,2.019999,0,4.039998,0,4.039998,1.402778,0
2.899998,3.7976,-4,2.019999,0,4.039998,0,4.039998,1.393104,0
2.919998,3.838,-4,2.019999,0,4.039998,0,4.039998,1.383562,0
2.939998,3.8784,-4,2.019999,0,4.039998,0,4.039998,1.37415,0
2.959998,3.9188,-4,2.019999,0,4.039998,0,4.039998,1.364865,0
2.979998,3.9592,-4,2.019999,0,4.039998,0,4.039998,1.355705,0
2.999998,3.9996,-4,2.019999,0,4.039998,0,4.039998,1.346667,0
3.019998,4.04,-4,2.019999,0,4.039998,0,4.039998,1.337749,0
3.039998,4.0804,-4,2.019999,0,4.039998,0,4.039998,1.328948,0
3.059998,4.1208,-4,2.019999,0,4.039998,0,4.039998,1.320262,0
3.079998,4.161201,-4,2.019999,0,4.039998,0,4.039998,1.311688,0
3.099998,4.201601,-4,2.019999,0,4.039998,0,4.039998,1.303226,0
3.119998,4.242001,-4,2.019999,0,4.039998,0,4.039998,1.294872,0
3.139998,4.282401,-4,2.019999,0,4.039998,0,4.039998,1.286624,0
3.159998,4.322801,-4,2.019999,0,4.039998,0,4.039998,1.278481,0
3.179998,4.363201,-4,2.019999,0,4.039998,0,4.039998,1.27044,0
3.199998,4.403601,-4,2.019999,0,4.039998,0,4.039998,1.2625,0
3.219998,4.444001,-4,2.019999,0,4.039998,0,4.039998,1.254659,0
3.239998,4.484401,-4,2.019999,0,4.039998,0,4.039998,1.246914,0
3.259998,4.524801,-4,2.019999,0,4.039998,0,4.039998,1.239264,0
3.279998,4.565201,-4,2.019999,0,4.039998,0,4.039998,1.231707,0
3.299998,4.605601,-4,2.019999,0,4.039998,0,4.039998,1.224243,0
3.319998,4.646001,-4,2.019999,0,4.039998,0,4.039998,1.216868,0
3.339998,4.686401,-4,2.019999,0,4.039998,0,4.039998,1.209581,0
3.359998,4.726801,-4,2.019999,0,4.039998,0,4.039998,1.202381,0
3.379997,4.767201,-4,2.019999,0,4.039998,0,4.039998,1.195266,0
3.399997,4.807601,-4,2.019999,0,4.039998,0,4.039998,1.188236,0
3.419997,4.848001,-4,2.019999,0,4.039998,0,4.039998,1.181287,0
3.439997,4.888401,-4,2.019999,0,4.039998,0,4.039998,1.174419,0
3.459997,4.928801,-4,2.019999,0,4.039998,0,4.039998,1.16763,0
3.479997,4.969201,-4,2.019999,0,4.039998,0,4.039998,1.16092,0
3.499997,5.009601,-4,2.019999,0,4.039998,0,4.039998,1.154286,0
3.519997,5.050001,-4,2.019999,0,4.039998,0,4.039998,1.147727,0
3.539997,5.090401,-4,2.019999,0,4.039998,0,4.039998,1.141243,0
3.559997,5.130801,-4,2.019999,0,4.039998,0,4.039998,1.134832,0
3.579997,5.171201,-4,2.019999,0,4.039998,0,4.039998,1.128492,0
3.599997,5.211601,-4,2.019999,0,4.039998,0,4.039998,1.122222,0
3.619997,5.252001,-4,2.019999,0,4.039998,0,4.039998,1.116022,0
3.639997,5.292401,-4,2.019999,0,4.039998,0,4.039998,1.10989,0
3.659997,5.332801,-4,2.019999,0,4.039998,0,4.039998,1.103825,0
3.679997,5.373201,-4,2.019999,0,4.039998,0,4.039998,1.097826,0
3.699997,5.413601,-4,2.019999,0,4.039998,0,4.039998,1.091892,0
3.719997,5.454001,-4,2.019999,0,4.039998,0,4.039998,1.086022,0
3.739997,5.494401,-4,2.019999,0,4.039998,0,4.039998,1.080214,0
3.759997,5.534801,-4,2.019999,0,4.039998,0,4.039998,1.074468,0
3.779997,5.575202,-4,2.019999,0,4.039998,0,4.039998,1.068783,0
3.799997,5.615602,-4,2.019999,0,4.039998,0,4.039998,1.063158,0
3.819997,5.656002,-4,2.019999,0,4.039998,0,4.039998,1.057592,0
3.839997,5.696402,-4,2.019999,0,4.039998,0,4.039998,1.052083,0
3.859997,5.736802,-4,2.019999,0,4.039998,0,4.039998,1.046632,0
3.879997,5.777202,-4,2.019999,0,4.039998,0,4.039998,1.041237,0
3.899997,5.817602,-4,2.019999,0,4.039998,0,4.039998,1.035898,0
3.919997,5.858002,-4,2.019999,0,4.039998,0,4.039998,1.030612,0
3.939997,5.898402,-4,2.019999,0,4.039998,0,4.039998,1.025381,0
3.959997,5.938802,-4,2.019999,0,4.039998,0,4.039998,1.020202,0
3.979997,5.979202,-4,2.019999,0,4.039998,0,4.039998,1.015076,0
3.999997,6.019602,-4,2.019999,0,4.039998,0,4.039998,1.01,0
4.019997,6.060002,-4,2.019999,0,4.039998,0,4.039998,1.004975,0
4.039997,6.100402,-4,2.019999,0,4.039998,0,4.039998,1,0
4.059997,6.140802,-4,2.019999,0,4.039998,0,4.039998,0.995074,0
4.079997,6.181202,-4,2.019999,0,4.039998,0,4.039998,0.9901962,0
4.099997,6.221602,-4,2.019999,0,4.039998,0,4.039998,0.985366,0
4.119997,6.262002,-4,2.019999,0,4.039998,0,4.039998,0.9805827,0
4.139997,6.302402,-4,2.019999,0,4.039998,0,4.039998,0.9758455,0
4.159997,6.342802,-4,2.019999,0,4.039998,0,4.039998,0.971154,0
4.179997,6.383202,-4,2.019999,0,4.039998,0,4.039998,0.9665073,0
4.199997,6.423602,-4,2.019999,0,4.039998,0,4.039998,0.9619049,0
4.219997,6.464002,-4,2.019999,0,4.039998,0,4.039998,0.9573461,0
4.239997,6.504402,-4,2.019999,0,4.039998,0,4.039998,0.9528303,0
4.259997,6.544802,-4,2.019999,0,4.039998,0,4.039998,0.9483569,0
4.279997,6.584425,-4,1.981155,0,3.962309,0,3.962309,0.9257739,0
4.299997,6.623248,-4,1.941122,0,3.882244,0,3.882244,0.9028481,0
4.319997,6.661247,-4,1.899925,0,3.799849,0,3.799849,0.8795953,0
4.339997,6.698399,-4,1.857587,0,3.715174,0,3.715174,0.8560315,0
4.359997,6.734681,-4,1.814135,0,3.62827,0,3.62827,0.8321727,0
4.379997,6.770073,-4,1.769595,0,3.53919,0,3.53919,0.8080347,0
4.399997,6.804553,-4,1.723993,0,3.447985,0,3.447985,0.7836336,0
4.419997,6.838099,-4,1.677356,0,3.354712,0,3.354712,0.7589852,0
4.439997,6.870694,-4,1.629713,0,3.259426,0,3.259426,0.7341055,0
4.459997,6.902316,-4,1.581092,0,3.162184,0,3.162184,0.7090105,0
4.479997,6.932946,-4,1.531523,0,3.063046,0,3.063046,0.683716,0
4.499997,6.962567,-4,1.481034,0,2.962069,0,2.962069,0.658238,0
4.519997,6.99116,-4,1.429657,0,2.859315,0,2.859315,0.6325922,0
4.539997,7.018708,-4,1.377423,0,2.754845,0,2.754845,0.6067945,0
4.559997,7.045196,-4,1.324361,0,2.648723,0,2.648723,0.5808607,0
4.579997,7.070606,-4,1.270505,0,2.541011,0,2.541011,0.5548063,0
4.599997,7.094923,-4,1.215887,0,2.431775,0,2.431775,0.5286471,0
4.619997,7.118134,-4,1.16054,0,2.321079,0,2.321079,0.5023985,0
4.639997,7.140224,-4,1.104496,0,2.208991,0,2.208991,0.4760761,0
4.659997,7.16118,-4,1.047789,0,2.095578,0,2.095578,0.4496951,0
4.679996,7.180989,-4,0.9904535,0,1.980907,0,1.980907,0.423271,0
4.699996,7.19964,-4,0.9325238,0,1.865048,0,1.865048,0.3968189,0
4.719996,7.217121,-4,0.8740346,0,1.748069,0,1.748069,0.3703539,0
4.739996,7.233421,-4,0.815021,0,1.630042,0,1.630042,0.343891,0
4.759996,7.248531,-4,0.7555184,0,1.511037,0,1.511037,0.3174449,0
4.779996,7.262443,-4,0.6955624,0,1.391125,0,1.391125,0.2910305,0
4.799996,7.275146,-4,0.6351892,0,1.270378,0,1.270378,0.2646624,0
4.819996,7.286635,-4,0.5744348,0,1.14887,0,1.14887,0.2383548,0
4.839996,7.296902,-4,0.5133357,0,1.026671,0,1.026671,0.2121224,0
4.859996,7.305941,-4,0.4519286,0,0.9038573,0,0.9038573,0.185979,0
4.879996,7.313745,-4,0.3902504,0,0.7805009,0,0.7805009,0.1599388,0
4.899996,7.320312,-4,0.3283381,0,0.6566762,0,0.6566762,0.1340156,0
4.919996,7.325636,-4,0.2662287,0,0.5324575,0,0.5324575,0.1082231,0
4.939996,7.329716,-4,0.2039596,0,0.4079193,0,0.4079193,0.08257481,0
4.959996,7.332547,-4,0.1415682,0,0.2831363,0,0.2831363,0.05708398,0
4.979996,7.334129,-4,0.07909176,0,0.1581835,0,0.1581835,0.03176378,0
4.999996,7.33446,-4,0.01656791,0,0.03313581,0,0.03313581,0.006627168,0
5.019996,7.333541,-4,-0.04596589,0,-0.09193178,0,-0.09193178,-0.01831312,0
5.039996,7.331371,-4,-0.1084721,0,-0.2169442,0,-0.2169442,-0.04304452,0
5.059996,7.327953,-4,-0.1709132,0,-0.3418265,0,-0.3418265,-0.0675547,0
5.079996,7.323288,-4,-0.2332518,0,-0.4665037,0,-0.4665037,-0.09183151,0
5.099996,7.317379,-4,-0.2954505,0,-0.590901,0,-0.590901,-0.115863,0
5.119996,7.31023,-4,-0.3574719,0,-0.7149437,0,-0.7149437,-0.1396375,0
5.139996,7.301844,-4,-0.4192787,0,-0.8385575,0,-0.8385575,-0.1631436,0
5.159996,7.292227,-4,-0.4808341,0,-0.9616681,0,-0.9616681,-0.1863699,0
5.179996,7.281385,-4,-0.5421009,0,-1.084202,0,-1.084202,-0.2093055,0
5.199996,7.269325,-4,-0.6030425,0,-1.206085,0,-1.206085,-0.2319396,0
5.219996,7.256052,-4,-0.6636222,0,-1.327244,0,-1.327244,-0.2542616,0
5.239996,7.241576,-4,-0.7238038,0,-1.447608,0,-1.447608,-0.2762612,0
5.259996,7.225905,-4,-0.783551,0,-1.567102,0,-1.567102,-0.2979284,0
5.279996,7.209048,-4,-0.8428282,0,-1.685656,0,-1.685656,-0.3192533,0
5.299996,7.191016,-4,-0.9015996,0,-1.803199,0,-1.803199,-0.3402265,0
5.319996,7.17182,-4,-0.95983,0,-1.91966,0,-1.91966,-0.3608387,0
5.339996,7.15147,-4,-1.017485,0,-2.034969,0,-2.034969,-0.3810807,0
5.359996,7.12998,-4,-1.074529,0,-2.149058,0,-2.149058,-0.4009439,0
5.379996,7.107361,-4,-1.130928,0,-2.261856,0,-2.261856,-0.4204197,0
5.399996,7.083628,-4,-1.186649,0,-2.373298,0,-2.373298,-0.4394999,0
5.419996,7.058794,-4,-1.241658,0,-2.483315,0,-2.483315,-0.4581766,0
5.439996,7.032876,-4,-1.295922,0,-2.591843,0,-2.591843,-0.4764421,0
5.459996,7.005888,-4,-1.349408,0,-2.698816,0,-2.698816,-0.494289,0
5.479996,6.977846,-4,-1.402084,0,-2.804169,0,-2.804169,-0.51171,0
5.499996,6.948768,-4,-1.45392,0,-2.90784,0,-2.90784,-0.5286986,0
5.519996,6.91867,-4,-1.504883,0,-3.009766,0,-3.009766,-0.5452479,0
5.539996,6.887571,-4,-1.554943,0,-3.109886,0,-3.109886,-0.5613517,0
5.559996,6.85549,-4,-1.60407,0,-3.20814,0,-3.20814,-0.5770041,0
5.579996,6.822445,-4,-1.652235,0,-3.30447,0,-3.30447,-0.5921994,0
5.599996,6.788457,-4,-1.699408,0,-3.398817,0,-3.398817,-0.606932,0
5.619996,6.753546,-4,-1.745562,0,-3.491124,0,-3.491124,-0.6211969,0
5.639996,6.717732,-4,-1.790668,0,-3.581337,0,-3.581337,-0.6349893,0
5.659996,6.681038,-4,-1.8347,0,-3.669401,0,-3.669401,-0.6483045,0
5.679996,6.643486,-4,-1.877632,0,-3.755263,0,-3.755263,-0.6611384,0
5.699996,6.605097,-4,-1.919436,0,-3.838872,0,-3.838872,-0.6734869,0
5.719995,6.565895,-4,-1.960089,0,-3.920178,0,-3.920178,-0.6853463,0
5.739995,6.525904,-4,-1.999566,0,-3.999132,0,-3.999132,-0.6967134,0
5.759995,6.485147,-4,-2.037843,0,-4.075686,0,-4.075686,-0.7075849,0
5.779995,6.443649,-4,-2.074897,0,-4.149795,0,-4.149795,-0.7179581,0
5.799995,6.402151,-4,-2.074897,0,-4.149795,0,-4.149795,-0.7154824,0
5.819995,6.360653,-4,-2.074897,0,-4.149795,0,-4.149795,-0.7130237,0
5.839995,6.319155,-4,-2.074897,0,-4.149795,0,-4.149795,-0.7105818,0
5.859995,6.277657,-4,-2.074897,0,-4.149795,0,-4.149795,-0.7081566,0
5.879995,6.236158,-4,-2.074897,0,-4.149795,0,-4.149795,-0.705748,0
5.899995,6.19466,-4,-2.074897,0,-4.149795,0,-4.149795,-0.7033556,0
5.919995,6.153162,-4,-2.074897,0,-4.149795,0,-4.149795,-0.7009794,0
5.939995,6.111664,-4,-2.074897,0,-4.149795,0,-4.149795,-0.6986192,0
5.959995,6.070166,-4,-2.074897,0,-4.149795,0,-4.149795,-0.6962748,0
5.979995,6.028667,-4,-2.074897,0,-4.149795,0,-4.149795,-0.6939461,0
5.999995,5.987169,-4,-2.074897,0,-4.149795,0,-4.149795,-0.691633,0
6.019995,5.945671,-4,-2.074897,0,-4.149795,0,-4.149795,-0.6893352,0
6.039995,5.904173,-4,-2.074897,0,-4.149795,0,-4.149795,-0.6870526,0
6.059995,5.862675,-4,-2.074897,0,-4.149795,0,-4.149795,-0.6847851,0
6.079995,5.821177,-4,-2.074897,0,-4.149795,0,-4.149795,-0.6825325,0
6.099995,5.779678,-4,-2.074897,0,-4.149795,0,-4.149795,-0.6802948,0
6.119995,5.73818,-4,-2.074897,0,-4.149795,0,-4.149795,-0.6780716,0
6.139995,5.696682,-4,-2.074897,0,-4.149795,0,-4.149795,-0.6758628,0
6.159995,5.655184,-4,-2.074897,0,-4.149795,0,-4.149795,-0.6736685,0
6.179995,5.613686,-4,-2.074897,0,-4.149795,0,-4.149795,-0.6714883,0
6.199995,5.572187,-4,-2.074897,0,-4.149795,0,-4.149795,-0.6693223,0
6.219995,5.530689,-4,-2.074897,0,-4.149795,0,-4.149795,-0.6671701,0
6.239995,5.489191,-4,-2.074897,0,-4.149795,0,-4.149795,-0.6650317,0
6.259995,5.447693,-4,-2.074897,0,-4.149795,0,-4.149795,-0.662907,0
6.279995,5.406195,-4,-2.074897,0,-4.149795,0,-4.149795,-0.6607959,0
6.299995,5.364697,-4,-2.074897,0,-4.149795,0,-4.149795,-0.6586981,0
6.319995,5.323198,-4,-2.074897,0,-4.149795,0,-4.149795,-0.6566136,0
6.339995,5.2817,-4,-2.074897,0,-4.149795,0,-4.149795,-0.6545423,0
6.359995,5.240202,-4,-2.074897,0,-4.149795,0,-4.149795,-0.6524839,0
6.379995,5.198704,-4,-2.074897,0,-4.149795,0,-4.149795,-0.6504385,0
6.399995,5.157206,-4,-2.074897,0,-4.149795,0,-4.149795,-0.6484059,0
6.419995,5.115707,-4,-2.074897,0,-4.149795,0,-4.149795,-0.646386,0
6.439995,5.074209,-4,-2.074897,0,-4.149795,0,-4.149795,-0.6443785,0
6.459995,5.032711,-4,-2.074897,0,-4.149795,0,-4.149795,-0.6423836,0
6.479995,4.991213,-4,-2.074897,0,-4.149795,0,-4.149795,-0.6404009,0
6.499995,4.949715,-4,-2.074897,0,-4.149795,0,-4.149795,-0.6384305,0
6.519995,4.908216,-4,-2.074897,0,-4.149795,0,-4.149795,-0.636472,0
6.539995,4.866718,-4,-2.074897,0,-4.149795,0,-4.149795,-0.6345257,0
6.559995,4.82522,-4,-2.074897,0,-4.149795,0,-4.149795,-0.6325911,0
6.579995,4.783722,-4,-2.074897,0,-4.149795,0,-4.149795,-0.6306684,0
6.599995,4.742224,-4,-2.074897,0,-4.149795,0,-4.149795,-0.6287572,0
6.619995,4.700726,-4,-2.074897,0,-4.149795,0,-4.149795,-0.6268577,0
6.639995,4.659227,-4,-2.074897,0,-4.149795,0,-4.149795,-0.6249695,0
6.659995,4.617729,-4,-2.074897,0,-4.149795,0,-4.149795,-0.6230928,0
6.679995,4.576231,-4,-2.074897,0,-4.149795,0,-4.149795,-0.6212273,0
6.699995,4.534733,-4,-2.074897,0,-4.149795,0,-4.149795,-0.6193728,0
6.719995,4.493235,-4,-2.074897,0,-4.149795,0,-4.149795,-0.6175295,0
6.739995,4.451736,-4,-2.074897,0,-4.149795,0,-4.149795,-0.615697,0
6.759995,4.410238,-4,-2.074897,0,-4.149795,0,-4.149795,-0.6138754,0
6.779994,4.36874,-4,-2.074897,0,-4.149795,0,-4.149795,-0.6120646,0
6.799994,4.327242,-4,-2.074897,0,-4.149795,0,-4.149795,-0.6102644,0
6.819994,4.285744,-4,-2.074897,0,-4.149795,0,-4.149795,-0.6084748,0
6.839994,4.244246,-4,-2.074897,0,-4.149795,0,-4.149795,-0.6066956,0
6.859994,4.202747,-4,-2.074897,0,-4.149795,0,-4.149795,-0.6049268,0
6.879994,4.161249,-4,-2.074897,0,-4.149795,0,-4.149795,-0.6031683,0
6.899994,4.119751,-4,-2.074897,0,-4.149795,0,-4.149795,-0.60142,0
6.919994,4.078253,-4,-2.074897,0,-4.149795,0,-4.149795,-0.5996818,0
6.939994,4.036755,-4,-2.074897,0,-4.149795,0,-4.149795,-0.5979536,0
6.959994,3.995257,-4,-2.074897,0,-4.149795,0,-4.149795,-0.5962353,0
6.979994,3.953759,-4,-2.074897,0,-4.149795,0,-4.149795,-0.5945269,0
6.999994,3.912261,-4,-2.074897,0,-4.149795,0,-4.149795,-0.5928283,0
7.019994,3.870763,-4,-2.074897,0,-4.149795,0,-4.149795,-0.5911393,0
7.039994,3.829265,-4,-2.074897,0,-4.149795,0,-4.149795,-0.58946,0
7.059994,3.787767,-4,-2.074897,0,-4.149795,0,-4.149795,-0.5877901,0
7.079994,3.746269,-4,-2.074897,0,-4.149795,0,-4.149795,-0.5861297,0
7.099994,3.704771,-4,-2.074897,0,-4.149795,0,-4.149795,-0.5844786,0
7.119994,3.663273,-4,-2.074897,0,-4.149795,0,-4.149795,-0.5828368,0
7.139994,3.621775,-4,-2.074897,0,-4.149795,0,-4.149795,-0.5812042,0
7.159994,3.580277,-4,-2.074897,0,-4.149795,0,-4.149795,-0.5795807,0
7.179994,3.538779,-4,-2.074897,0,-4.149795,0,-4.149795,-0.5779663,0
7.199994,3.497281,-4,-2.074897,0,-4.149795,0,-4.149795,-0.5763608,0
7.219994,3.455783,-4,-2.074897,0,-4.149795,0,-4.149795,-0.5747643,0
7.239994,3.414285,-4,-2.074897,0,-4.149795,0,-4.149795,-0.5731765,0
7.259994,3.372787,-4,-2.074897,0,-4.149795,0,-4.149795,-0.5715975,0
7.279994,3.33129,-4,-2.074897,0,-4.149795,0,-4.149795,-0.5700272,0
7.299994,3.289792,-4,-2.074897,0,-4.149795,0,-4.149795,-0.5684655,0
7.319994,3.248294,-4,-2.074897,0,-4.149795,0,-4.149795,-0.5669123,0
7.339994,3.206796,-4,-2.074897,0,-4.149795,0,-4.149795,-0.5653676,0
7.359994,3.165298,-4,-2.074897,0,-4.149795,0,-4.149795,-0.5638313,0
7.379994,3.1238,-4,-2.074897,0,-4.149795,0,-4.149795,-0.5623032,0
7.399994,3.082302,-4,-2.074897,0,-4.149795,0,-4.149795,-0.5607835,0
7.419994,3.040804,-4,-2.074897,0,-4.149795,0,-4.149795,-0.559272,0
7.439994,2.999306,-4,-2.074897,0,-4.149795,0,-4.149795,-0.5577685,0
7.459994,2.957808,-4,-2.074897,0,-4.149795,0,-4.149795,-0.5562732,0
7.479994,2.91631,-4,-2.074897,0,-4.149795,0,-4.149795,-0.5547858,0
7.499994,2.874812,-4,-2.074897,0,-4.149795,0,-4.149795,-0.5533064,0
7.519994,2.833314,-4,-2.074897,0,-4.149795,0,-4.149795,-0.5518348,0
7.539994,2.791816,-4,-2.074897,0,-4.149795,0,-4.149795,-0.5503711,0
7.559994,2.750318,-4,-2.074897,0,-4.149795,0,-4.149795,-0.5489151,0
7.579994,2.70882,-4,-2.074897,0,-4.149795,0,-4.149795,-0.5474668,0
7.599994,2.667322,-4,-2.074897,0,-4.149795,0,-4.149795,-0.5460261,0
7.619994,2.625824,-4,-2.074897,0,-4.149795,0,-4.149795,-0.5445929,0
7.639994,2.584327,-4,-2.074897,0,-4.149795,0,-4.149795,-0.5431673,0
7.659994,2.542829,-4,-2.074897,0,-4.149795,0,-4.149795,-0.5417491,0
7.679994,2.501331,-4,-2.074897,0,-4.149795,0,-4.149795,-0.5403383,0
7.699994,2.459833,-4,-2.074897,0,-4.149795,0,-4.149795,-0.5389348,0
7.719994,2.418335,-4,-2.074897,0,-4.149795,0,-4.149795,-0.5375386,0
7.739994,2.376837,-4,-2.074897,0,-4.149795,0,-4.149795,-0.5361496,0
7.759994,2.335339,-4,-2.074897,0,-4.149795,0,-4.149795,-0.5347678,0
7.779994,2.293841,-4,-2.074897,0,-4.149795,0,-4.149795,-0.5333931,0
7.799994,2.252343,-4,-2.074897,0,-4.149795,0,-4.149795,-0.5320254,0
7.819993,2.210845,-4,-2.074897,0,-4.149795,0,-4.149795,-0.5306647,0
7.839993,2.169347,-4,-2.074897,0,-4.149795,0,-4.149795,-0.529311,0
7.859993,2.127849,-4,-2.074897,0,-4.149795,0,-4.149795,-0.5279641,0
7.879993,2.086351,-4,-2.074897,0,-4.149795,0,-4.149795,-0.5266241,0
7.899993,2.044853,-4,-2.074897,0,-4.149795,0,-4.149795,-0.5252909,0
7.919993,2.003355,-4,-2.074897,0,-4.149795,0,-4.149795,-0.5239644,0
7.939993,1.961857,-4,-2.074897,0,-4.149795,0,-4.149795,-0.5226446,0
7.959993,1.920359,-4,-2.074897,0,-4.149795,0,-4.149795,-0.5213314,0
7.979993,1.878861,-4,-2.074897,0,-4.149795,0,-4.149795,-0.5200248,0
7.999993,1.837363,-4,-2.074897,0,-4.149795,0,-4.149795,-0.5187247,0
8.019994,1.795866,-4,-2.074897,0,-4.149795,0,-4.149795,-0.5174311,0
8.039994,1.754368,-4,-2.074897,0,-4.149795,0,-4.149795,-0.516144,0
8.059995,1.71287,-4,-2.074897,0,-4.149795,0,-4.149795,-0.5148632,0
8.079995,1.671372,-4,-2.074897,0,-4.149795,0,-4.149795,-0.5135887,0
8.099996,1.629874,-4,-2.074897,0,-4.149795,0,-4.149795,-0.5123206,0
8.119996,1.588376,-4,-2.074897,0,-4.149795,0,-4.149795,-0.5110587,0
8.139997,1.546878,-4,-2.074897,0,-4.149795,0,-4.149795,-0.509803,0
8.159997,1.50538,-4,-2.074897,0,-4.149795,0,-4.149795,-0.5085534,0
8.179997,1.463882,-4,-2.074897,0,-4.149795,0,-4.149795,-0.50731,0
8.199998,1.422384,-4,-2.074897,0,-4.149795,0,-4.149795,-0.5060726,0
8.219998,1.380886,-4,-2.074897,0,-4.149795,0,-4.149795,-0.5048413,0
8.239999,1.339388,-4,-2.074897,0,-4.149795,0,-4.149795,-0.5036159,0
8.259999,1.29789,-4,-2.074897,0,-4.149795,0,-4.149795,-0.5023965,0
8.28,1.256392,-4,-2.074897,0,-4.149795,0,-4.149795,-0.5011829,0
8.3,1.214894,-4,-2.074897,0,-4.149795,0,-4.149795,-0.4999752,0
8.320001,1.173396,-4,-2.074897,0,-4.149795,0,-4.149795,-0.4987733,0
8.340001,1.131898,-4,-2.074897,0,-4.149795,0,-4.149795,-0.4975772,0
8.360002,1.0904,-4,-2.074897,0,-4.149795,0,-4.149795,-0.4963868,0
8.380002,1.048903,-4,-2.074897,0,-4.149795,0,-4.149795,-0.4952021,0
8.400002,1.007405,-4,-2.074897,0,-4.149795,0,-4.149795,-0.494023,0
8.420003,0.9659066,-4,-2.074897,0,-4.149795,0,-4.149795,-0.4928495,0
8.440003,0.9244087,-4,-2.074897,0,-4.149795,0,-4.149795,-0.4916816,0
8.460004,0.8829107,-4,-2.074897,0,-4.149795,0,-4.149795,-0.4905192,0
8.480004,0.8414128,-4,-2.074897,0,-4.149795,0,-4.149795,-0.4893623,0
8.500005,0.7999148,-4,-2.074897,0,-4.149795,0,-4.149795,-0.4882109,0
8.520005,0.7584169,-4,-2.074897,0,-4.149795,0,-4.149795,-0.4870648,0
8.540006,0.7169189,-4,-2.074897,0,-4.149795,0,-4.149795,-0.4859241,0
8.560006,0.675421,-4,-2.074897,0,-4.149795,0,-4.149795,-0.4847887,0
8.580007,0.6339231,-4,-2.074897,0,-4.149795,0,-4.149795,-0.4836587,0
8.600007,0.5924251,-4,-2.074897,0,-4.149795,0,-4.149795,-0.4825339,0
8.620008,0.5509272,-4,-2.074897,0,-4.149795,0,-4.149795,-0.4814143,0
8.640008,0.5094292,-4,-2.074897,0,-4.149795,0,-4.149795,-0.4802999,0
8.660008,0.4679313,-4,-2.074897,0,-4.149795,0,-4.149795,-0.4791906,0
8.680009,0.4264333,-4,-2.074897,0,-4.149795,0,-4.149795,-0.4780864,0
8.700009,0.3849354,-4,-2.074897,0,-4.149795,0,-4.149795,-0.4769874,0
8.72001,0.3434374,-4,-2.074897,0,-4.149795,0,-4.149795,-0.4758933,0
8.74001,0.3019395,-4,-2.074897,0,-4.149795,0,-4.149795,-0.4748043,0
8.760011,0.2604415,-4,-2.074897,0,-4.149795,0,-4.149795,-0.4737203,0
8.780011,0.2189436,-4,-2.074897,0,-4.149795,0,-4.149795,-0.4726411,0
8.800012,0.1774457,-4,-2.074897,0,-4.149795,0,-4.149795,-0.4715669,0
8.820012,0.1359477,-4,-2.074897,0,-4.149795,0,-4.149795,-0.4704976,0
8.840013,0.09444976,-4,-2.074897,0,-4.149795,0,-4.149795,-0.4694331,0
8.860013,0.05295181,-4,-2.074897,0,-4.149795,0,-4.149795,-0.4683734,0
8.880013,0.01145387,-4,-2.074897,0,-4.149795,0,-4.149795,-0.4673185,0
8.900014,-0.03004408,-4,-2.074897,0,-4.149795,0,-4.149795,-0.4662683,0
8.920014,-0.07154202,-4,-2.074897,0,-4.149795,0,-4.149795,-0.4652229,0
8.940015,-0.11304,-4,-2.074897,0,-4.149795,0,-4.149795,-0.4641821,0
8.960015,-0.1545379,-4,-2.074897,0,-4.149795,0,-4.149795,-0.4631459,0
8.980016,-0.1960359,-4,-2.074897,0,-4.149795,0,-4.149795,-0.4621144,0
9.000016,-0.2375338,-4,-2.074897,0,-4.149795,0,-4.149795,-0.4610875,0
9.020017,-0.2790318,-4,-2.074897,0,-4.149795,0,-4.149795,-0.4600651,0
9.040017,-0.3205297,-4,-2.074897,0,-4.149795,0,-4.149795,-0.4590472,0
9.060018,-0.3620276,-4,-2.074897,0,-4.149795,0,-4.149795,-0.4580338,0
9.080018,-0.4035256,-4,-2.074897,0,-4.149795,0,-4.149795,-0.4570249,0
9.100019,-0.4450235,-4,-2.074897,0,-4.149795,0,-4.149795,-0.4560204,0
9.120019,-0.4865215,-4,-2.074897,0,-4.149795,0,-4.149795,-0.4550204,0
9.140019,-0.5280194,-4,-2.074897,0,-4.149795,0,-4.149795,-0.4540247,0
9.16002,-0.5695174,-4,-2.074897,0,-4.149795,0,-4.149795,-0.4530334,0
9.18002,-0.6110153,-4,-2.074897,0,-4.149795,0,-4.149795,-0.4520463,0
9.200021,-0.6525133,-4,-2.074897,0,-4.149795,0,-4.149795,-0.4510636,0
9.220021,-0.6940112,-4,-2.074897,0,-4.149795,0,-4.149795,-0.4500851,0
9.240022,-0.7355092,-4,-2.074897,0,-4.149795,0,-4.149795,-0.4491109,0
9.260022,-0.7770071,-4,-2.074897,0,-4.149795,0,-4.149795,-0.4481409,0
9.280023,-0.818505,-4,-2.074897,0,-4.149795,0,-4.149795,-0.4471751,0
9.300023,-0.860003,-4,-2.074897,0,-4.149795,0,-4.149795,-0.4462134,0
9.320024,-0.9015009,-4,-2.074897,0,-4.149795,0,-4.149795,-0.4452558,0
9.340024,-0.9429989,-4,-2.074897,0,-4.149795,0,-4.149795,-0.4443024,0
9.360024,-0.9844968,-4,-2.074897,0,-4.149795,0,-4.149795,-0.443353,0
9.380025,-1.025995,-4,-2.074897,0,-4.149795,0,-4.149795,-0.4424076,0
9.400025,-1.067493,-4,-2.074897,0,-4.149795,0,-4.149795,-0.4414663,0
9.420026,-1.108991,-4,-2.074897,0,-4.149795,0,-4.149795,-0.440529,0
9.440026,-1.150489,-4,-2.074897,0,-4.149795,0,-4.149795,-0.4395957,0
9.460027,-1.191987,-4,-2.074897,0,-4.149795,0,-4.149795,-0.4386663,0
9.480027,-1.233485,-4,-2.074897,0,-4.149795,0,-4.149795,-0.4377408,0
9.500028,-1.274982,-4,-2.074897,0,-4.149795,0,-4.149795,-0.4368192,0
9.520028,-1.31648,-4,-2.074897,0,-4.149795,0,-4.149795,-0.4359015,0
9.540029,-1.357978,-4,-2.074897,0,-4.149795,0,-4.149795,-0.4349876,0
9.560029,-1.399476,-4,-2.074897,0,-4.149795,0,-4.149795,-0.4340776,0
9.580029,-1.440974,-4,-2.074897,0,-4.149795,0,-4.149795,-0.4331714,0
9.60003,-1.482472,-4,-2.074897,0,-4.149795,0,-4.149795,-0.4322689,0
9.62003,-1.52397,-4,-2.074897,0,-4.149795,0,-4.149795,-0.4313702,0
9.640031,-1.565468,-4,-2.074897,0,-4.149795,0,-4.149795,-0.4304752,0
9.660031,-1.606966,-4,-2.074897,0,-4.149795,0,-4.149795,-0.429584,0
9.680032,-1.648464,-4,-2.074897,0,-4.149795,0,-4.149795,-0.4286964,0
9.700032,-1.689962,-4,-2.074897,0,-4.149795,0,-4.149795,-0.4278125,0
9.720033,-1.73146,-4,-2.074897,0,-4.149795,0,-4.149795,-0.4269322,0
9.740033,-1.772958,-4,-2.074897,0,-4.149795,0,-4.149795,-0.4260555,0
9.760034,-1.814456,-4,-2.074897,0,-4.149795,0,-4.149795,-0.4251824,0
9.780034,-1.855954,-4,-2.074897,0,-4.149795,0,-4.149795,-0.4243129,0
9.800035,-1.897452,-4,-2.074897,0,-4.149795,0,-4.149795,-0.4234469,0
9.820035,-1.93895,-4,-2.074897,0,-4.149795,0,-4.149795,-0.4225845,0
9.840035,-1.980448,-4,-2.074897,0,-4.149795,0,-4.149795,-0.4217256,0
9.860036,-2.021945,-4,-2.074897,0,-4.149795,0,-4.149795,-0.4208701,0
9.880036,-2.063443,-4,-2.074897,0,-4.149795,0,-4.149795,-0.4200181,0
9.900037,-2.104941,-4,-2.074897,0,-4.149795,0,-4.149795,-0.4191696,0
9.920037,-2.146439,-4,-2.074897,0,-4.149795,0,-4.149795,-0.4183245,0
9.940038,-2.187937,-4,-2.074897,0,-4.149795,0,-4.149795,-0.4174828,0
9.960038,-2.229435,-4,-2.074897,0,-4.149795,0,-4.149795,-0.4166445,0
9.980039,-2.270933,-4,-2.074897,0,-4.149795,0,-4.149795,-0.4158095,0
10.00004,-2.312431,-4,-2.074897,0,-4.149795,0,-4.149795,-0.4149778,0
10.02004,-2.353929,-4,-2.074897,0,-4.149795,0,-4.149795,-0.4141495,0
10.04004,-2.395427,-4,-2.074897,0,-4.149795,0,-4.149795,-0.4133245,0
10.06004,-2.436925,-4,-2.074897,0,-4.149795,0,-4.149795,-0.4125028,0
10.08004,-2.478423,-4,-2.074897,0,-4.149795,0,-4.149795,-0.4116843,0
10.10004,-2.519921,-4,-2.074897,0,-4.149795,0,-4.149795,-0.4108691,0
10.12004,-2.532701,-4.028718,-1.027887,-1.047011,-2.055773,-2.094021,-4.149795,-0.2031388,-0.2069182
10.14004,-2.551895,-4.051022,-1.037449,-1.037449,-2.074897,-2.074897,-4.149795,-0.2046241,-0.2046241
10.16004,-2.572304,-4.072111,-1.037449,-1.037449,-2.074897,-2.074897,-4.149795,-0.2042213,-0.2042213
10.18004,-2.592985,-4.092928,-1.037449,-1.037449,-2.074897,-2.074897,-4.149795,-0.2038201,-0.2038201
10.20004,-2.613721,-4.11369,-1.037449,-1.037449,-2.074897,-2.074897,-4.149795,-0.2034204,-0.2034204
10.22004,-2.634467,-4.134442,-1.037449,-1.037449,-2.074897,-2.074897,-4.149795,-0.2030223,-0.2030223
10.24004,-2.655216,-4.155191,-1.037449,-1.037449,-2.074897,-2.074897,-4.149795,-0.2026258,-0.2026258
10.26005,-2.675964,-4.175941,-1.037449,-1.037449,-2.074897,-2.074897,-4.149795,-0.2022308,-0.2022308
10.28005,-2.696713,-4.19669,-1.037449,-1.037448,-2.074898,-2.074896,-4.149795,-0.2018375,-0.2018373
10.30005,-2.717463,-4.217439,-1.037449,-1.037448,-2.074898,-2.074896,-4.149795,-0.2014455,-0.2014453
10.32005,-2.738212,-4.238188,-1.037449,-1.037448,-2.074898,-2.074896,-4.149795,-0.2010551,-0.2010549
10.34005,-2.758961,-4.258937,-1.037449,-1.037448,-2.074898,-2.074896,-4.149795,-0.2006662,-0.200666
10.36005,-2.77971,-4.279686,-1.037449,-1.037448,-2.074898,-2.074896,-4.149795,-0.2002788,-0.2002787
10.38005,-2.800459,-4.300435,-1.037449,-1.037448,-2.074898,-2.074896,-4.149795,-0.1998929,-0.1998928
10.40005,-2.821208,-4.321184,-1.037449,-1.037448,-2.074898,-2.074896,-4.149795,-0.1995085,-0.1995083
10.42005,-2.841957,-4.341933,-1.037449,-1.037448,-2.074898,-2.074896,-4.149795,-0.1991256,-0.1991254
10.44005,-2.862706,-4.362682,-1.037449,-1.037448,-2.074898,-2.074896,-4.149795,-0.1987441,-0.1987439
10.46005,-2.883455,-4.383431,-1.037449,-1.037448,-2.074898,-2.074896,-4.149795,-0.1983641,-0.1983639
10.48005,-2.904204,-4.404181,-1.037449,-1.037448,-2.074898,-2.074896,-4.149795,-0.1979855,-0.1979854
10.50005,-2.924953,-4.42493,-1.037449,-1.037448,-2.074898,-2.074896,-4.149795,-0.1976084,-0.1976082
10.52005,-2.945703,-4.445679,-1.037449,-1.037448,-2.074898,-2.074896,-4.149795,-0.1972327,-0.1972325
10.54005,-2.966452,-4.466428,-1.037449,-1.037448,-2.074898,-2.074896,-4.149795,-0.1968585,-0.1968583
10.56005,-2.987201,-4.487177,-1.037449,-1.037448,-2.074898,-2.074896,-4.149795,-0.1964856,-0.1964854
10.58005,-3.00795,-4.507926,-1.037449,-1.037448,-2.074898,-2.074896,-4.149795,-0.1961142,-0.196114
10.60005,-3.028699,-4.528675,-1.037449,-1.037448,-2.074898,-2.074896,-4.149795,-0.1957441,-0.195744
10.62005,-3.049448,-4.549424,-1.037449,-1.037448,-2.074898,-2.074896,-4.149795,-0.1953755,-0.1953753
10.64005,-3.070197,-4.570173,-1.037449,-1.037448,-2.074898,-2.074896,-4.149795,-0.1950082,-0.1950081
10.66005,-3.090946,-4.590922,-1.037449,-1.037448,-2.074898,-2.074896,-4.149795,-0.1946424,-0.1946422
10.68005,-3.111695,-4.611671,-1.037449,-1.037448,-2.074898,-2.074896,-4.149795,-0.1942779,-0.1942777
10.70006,-3.132444,-4.632421,-1.037449,-1.037448,-2.074898,-2.074896,-4.149795,-0.1939147,-0.1939145
10.72006,-3.153193,-4.65317,-1.037449,-1.037448,-2.074898,-2.074896,-4.149795,-0.1935529,-0.1935528
10.74006,-3.173943,-4.673919,-1.037449,-1.037448,-2.074898,-2.074896,-4.149795,-0.1931925,-0.1931923
10.76006,-3.194692,-4.694668,-1.037449,-1.037448,-2.074898,-2.074896,-4.149795,-0.1928334,-0.1928332
10.78006,-3.215441,-4.715417,-1.037449,-1.037448,-2.074898,-2.074896,-4.149795,-0.1924756,-0.1924755
10.80006,-3.23619,-4.736166,-1.037449,-1.037448,-2.074898,-2.074896,-4.149795,-0.1921192,-0.192119
10.82006,-3.256939,-4.756915,-1.037449,-1.037448,-2.074898,-2.074896,-4.149795,-0.1917641,-0.1917639
10.84006,-3.277688,-4.777664,-1.037449,-1.037448,-2.074898,-2.074896,-4.149795,-0.1914102,-0.1914101
10.86006,-3.298437,-4.798413,-1.037449,-1.037448,-2.074898,-2.074896,-4.149795,-0.1910577,-0.1910576
10.88006,-3.319186,-4.819162,-1.037449,-1.037448,-2.074898,-2.074896,-4.149795,-0.1907065,-0.1907063
10.90006,-3.339935,-4.839911,-1.037449,-1.037448,-2.074898,-2.074896,-4.149795,-0.1903566,-0.1903564
10.92006,-3.360684,-4.860661,-1.037449,-1.037448,-2.074898,-2.074896,-4.149795,-0.190008,-0.1900078
10.94006,-3.381433,-4.88141,-1.037449,-1.037448,-2.074898,-2.074896,-4.149795,-0.1896606,-0.1896604
10.96006,-3.402183,-4.902159,-1.037449,-1.037448,-2.074898,-2.074896,-4.149795,-0.1893145,-0.1893143
10.98006,-3.422932,-4.922908,-1.037449,-1.037448,-2.074898,-2.074896,-4.149795,-0.1889696,-0.1889695
11.00006,-3.443681,-4.943657,-1.037449,-1.037448,-2.074898,-2.074896,-4.149795,-0.1886261,-0.1886259
11.02006,-3.46443,-4.964406,-1.037449,-1.037448,-2.074898,-2.074896,-4.149795,-0.1882837,-0.1882835
11.04006,-3.485179,-4.985155,-1.037449,-1.037448,-2.074898,-2.074896,-4.149795,-0.1879426,-0.1879424
11.06006,-3.505928,-5.005904,-1.037449,-1.037448,-2.074898,-2.074896,-4.149795,-0.1876027,-0.1876026
11.08006,-3.526677,-5.026653,-1.037449,-1.037448,-2.074898,-2.074896,-4.149795,-0.1872641,-0.1872639
11.10006,-3.547426,-5.047402,-1.037449,-1.037448,-2.074898,-2.074896,-4.149795,-0.1869267,-0.1869265
11.12006,-3.568175,-5.068151,-1.037449,-1.037448,-2.074898,-2.074896,-4.149795,-0.1865905,-0.1865903
11.14007,-3.588924,-5.088901,-1.037449,-1.037448,-2.074898,-2.074896,-4.149795,-0.1862555,-0.1862553
11.16007,-3.609674,-5.10965,-1.037449,-1.037448,-2.074898,-2.074896,-4.149795,-0.1859217,-0.1859215
11.18007,-3.630423,-5.130399,-1.037449,-1.037448,-2.074898,-2.074896,-4.149795,-0.1855891,-0.1855889
11.20007,-3.651172,-5.151148,-1.037449,-1.037448,-2.074898,-2.074896,-4.149795,-0.1852577,-0.1852575
11.22007,-3.671921,-5.171897,-1.037449,-1.037448,-2.074898,-2.074896,-4.149795,-0.1849274,-0.1849273
11.24007,-3.69267,-5.192646,-1.037449,-1.037448,-2.074898,-2.074896,-4.149795,-0.1845984,-0.1845982
11.26007,-3.713419,-5.213395,-1.037449,-1.037448,-2.074898,-2.074896,-4.149795,-0.1842705,-0.1842703
11.28007,-3.734168,-5.234144,-1.037449,-1.037448,-2.074898,-2.074896,-4.149795,-0.1839438,-0.1839436
11.30007,-3.754917,-5.254893,-1.037449,-1.037448,-2.074898,-2.074896,-4.149795,-0.1836182,-0.183618
11.32007,-3.775666,-5.275642,-1.037449,-1.037448,-2.074898,-2.074896,-4.149795,-0.1832938,-0.1832936
11.34007,-3.796415,-5.296391,-1.037449,-1.037448,-2.074898,-2.074896,-4.149795,-0.1829705,-0.1829703
11.36007,-3.817164,-5.317141,-1.037449,-1.037448,-2.074898,-2.074896,-4.149795,-0.1826484,-0.1826482
11.38007,-3.837914,-5.33789,-1.037449,-1.037448,-2.074898,-2.074896,-4.149795,-0.1823274,-0.1823272
11.40007,-3.858663,-5.358639,-1.037449,-1.037448,-2.074898,-2.074896,-4.149795,-0.1820075,-0.1820073
11.42007,-3.879412,-5.379388,-1.037449,-1.037448,-2.074898,-2.074896,-4.149795,-0.1816887,-0.1816886
11.44007,-3.900161,-5.400137,-1.037449,-1.037448,-2.074898,-2.074896,-4.149795,-0.1813711,-0.1813709
11.46007,-3.92091,-5.420886,-1.037449,-1.037448,-2.074898,-2.074896,-4.149795,-0.1810545,-0.1810544
11.48007,-3.941659,-5.441635,-1.037449,-1.037448,-2.074898,-2.074896,-4.149795,-0.1807391,-0.180739
11.50007,-3.962408,-5.462384,-1.037449,-1.037448,-2.074898,-2.074896,-4.149795,-0.1804248,-0.1804246
11.52007,-3.983157,-5.483133,-1.037449,-1.037448,-2.074898,-2.074896,-4.149795,-0.1801115,-0.1801114
11.54007,-4.003906,-5.503882,-1.037449,-1.037448,-2.074898,-2.074896,-4.149795,-0.1797994,-0.1797992
11.56007,-4.024655,-5.524632,-1.037449,-1.037448,-2.074898,-2.074896,-4.149795,-0.1794883,-0.1794881
11.58008,-4.045404,-5.545381,-1.037449,-1.037448,-2.074898,-2.074896,-4.149795,-0.1791783,-0.1791781
11.60008,-4.066154,-5.56613,-1.037449,-1.037448,-2.074898,-2.074896,-4.149795,-0.1788694,-0.1788692
11.62008,-4.086903,-5.586879,-1.037449,-1.037448,-2.074898,-2.074896,-4.149795,-0.1785615,-0.1785613
11.64008,-4.107652,-5.607628,-1.037449,-1.037448,-2.074898,-2.074896,-4.149795,-0.1782547,-0.1782545
11.66008,-4.128401,-5.628377,-1.037449,-1.037448,-2.074898,-2.074896,-4.149795,-0.1779489,-0.1779488
11.68008,-4.14915,-5.649126,-1.037449,-1.037448,-2.074898,-2.074896,-4.149795,-0.1776442,-0.1776441
11.70008,-4.169899,-5.669875,-1.037449,-1.037448,-2.074898,-2.074896,-4.149795,-0.1773406,-0.1773404
11.72008,-4.190648,-5.690624,-1.037449,-1.037448,-2.074898,-2.074896,-4.149795,-0.1770379,-0.1770377
11.74008,-4.211397,-5.711373,-1.037449,-1.037448,-2.074898,-2.074896,-4.149795,-0.1767363,-0.1767361
11.76008,-4.232146,-5.732122,-1.037449,-1.037448,-2.074898,-2.074896,-4.149795,-0.1764357,-0.1764356
11.78008,-4.252895,-5.752872,-1.037449,-1.037448,-2.074898,-2.074896,-4.149795,-0.1761362,-0.176136
11.80008,-4.273644,-5.773621,-1.037449,-1.037448,-2.074898,-2.074896,-4.149795,-0.1758376,-0.1758375
11.82008,-4.294394,-5.79437,-1.037449,-1.037448,-2.074898,-2.074896,-4.149795,-0.1755401,-0.1755399
11.84008,-4.315143,-5.815119,-1.037449,-1.037448,-2.074898,-2.074896,-4.149795,-0.1752436,-0.1752434
11.86008,-4.335892,-5.835868,-1.037449,-1.037448,-2.074898,-2.074896,-4.149795,-0.1749481,-0.1749479
11.88008,-4.356641,-5.856617,-1.037449,-1.037448,-2.074898,-2.074896,-4.149795,-0.1746535,-0.1746534
11.90008,-4.37739,-5.877366,-1.037449,-1.037448,-2.074898,-2.074896,-4.149795,-0.17436,-0.1743598
11.92008,-4.398139,-5.898115,-1.037449,-1.037448,-2.074898,-2.074896,-4.149795,-0.1740674,-0.1740673
11.94008,-4.418888,-5.918864,-1.037449,-1.037448,-2.074898,-2.074896,-4.149795,-0.1737759,-0.1737757
11.96008,-4.439637,-5.939613,-1.037449,-1.037448,-2.074898,-2.074896,-4.149795,-0.1734853,-0.1734851
11.98008,-4.460386,-5.960362,-1.037449,-1.037448,-2.074898,-2.074896,-4.149795,-0.1731956,-0.1731955
12.00008,-4.481135,-5.981112,-1.037449,-1.037448,-2.074898,-2.074896,-4.149795,-0.172907,-0.1729068
12.02009,-4.501884,-6.001861,-1.037449,-1.037448,-2.074898,-2.074896,-4.149795,-0.1726193,-0.1726191
12.04009,-4.522634,-6.02261,-1.037449,-1.037448,-2.074898,-2.074896,-4.149795,-0.1723325,-0.1723324
12.06009,-4.543383,-6.043359,-1.037449,-1.037448,-2.074898,-2.074896,-4.149795,-0.1720467,-0.1720466
12.08009,-4.564132,-6.064108,-1.037449,-1.037448,-2.074898,-2.074896,-4.149795,-0.1717619,-0.1717617
12.10009,-4.584881,-6.084857,-1.037449,-1.037448,-2.074898,-2.074896,-4.149795,-0.171478,-0.1714778
12.12009,-4.60563,-6.105606,-1.037449,-1.037448,-2.074898,-2.074896,-4.149795,-0.171195,-0.1711948
12.14009,-4.626379,-6.126355,-1.037449,-1.037448,-2.074898,-2.074896,-4.149795,-0.170913,-0.1709128
12.16009,-4.647128,-6.147104,-1.037449,-1.037448,-2.074898,-2.074896,-4.149795,-0.1706318,-0.1706317
12.18009,-4.667877,-6.167853,-1.037449,-1.037448,-2.074898,-2.074896,-4.149795,-0.1703517,-0.1703515
12.20009,-4.688626,-6.188602,-1.037449,-1.037448,-2.074898,-2.074896,-4.149795,-0.1700724,-0.1700722
12.22009,-4.709375,-6.209352,-1.037449,-1.037448,-2.074898,-2.074896,-4.149795,-0.169794,-0.1697939
12.24009,-4.730124,-6.230101,-1.037449,-1.037448,-2.074898,-2.074896,-4.149795,-0.1695166,-0.1695164
12.26009,-4.750874,-6.25085,-1.037449,-1.037448,-2.074898,-2.074896,-4.149795,-0.16924,-0.1692399
12.28009,-4.771623,-6.271599,-1.037449,-1.037448,-2.074898,-2.074896,-4.149795,-0.1689644,-0.1689642
12.30009,-4.792372,-6.292348,-1.037449,-1.037448,-2.074898,-2.074896,-4.149795,-0.1686897,-0.1686895
12.32009,-4.813121,-6.313097,-1.037449,-1.037448,-2.074898,-2.074896,-4.149795,-0.1684158,-0.1684157
12.34009,-4.83387,-6.333846,-1.037449,-1.037448,-2.074898,-2.074896,-4.149795,-0.1681428,-0.1681427
12.36009,-4.854619,-6.354595,-1.037449,-1.037448,-2.074898,-2.074896,-4.149795,-0.1678708,-0.1678706
12.38009,-4.875368,-6.375344,-1.037449,-1.037448,-2.074898,-2.074896,-4.149795,-0.1675996,-0.1675994
12.40009,-4.896117,-6.396093,-1.037449,-1.037448,-2.074898,-2.074896,-4.149795,-0.1673292,-0.1673291
12.42009,-4.916866,-6.416842,-1.037449,-1.037448,-2.074898,-2.074896,-4.149795,-0.1670598,-0.1670596
12.44009,-4.937615,-6.437592,-1.037449,-1.037448,-2.074898,-2.074896,-4.149795,-0.1667912,-0.166791
12.4601,-4.958364,-6.458341,-1.037449,-1.037448,-2.074898,-2.074896,-4.149795,-0.1665235,-0.1665233
12.4801,-4.979114,-6.47909,-1.037449,-1.037448,-2.074898,-2.074896,-4.149795,-0.1662566,-0.1662564
12.5001,-4.999863,-6.499839,-1.037449,-1.037448,-2.074898,-2.074896,-4.149795,-0.1659906,-0.1659904
12.5201,-5.020612,-6.520588,-1.037449,-1.037448,-2.074898,-2.074896,-4.149795,-0.1657254,-0.1657253
12.5401,-5.041361,-6.541337,-1.037449,-1.037448,-2.074898,-2.074896,-4.149795,-0.1654611,-0.1654609
12.5601,-5.06211,-6.562086,-1.037449,-1.037448,-2.074898,-2.074896,-4.149795,-0.1651976,-0.1651975
12.5801,-5.082859,-6.582835,-1.037449,-1.037448,-2.074898,-2.074896,-4.149795,-0.164935,-0.1649348
12.6001,-5.103608,-6.603584,-1.037449,-1.037448,-2.074898,-2.074896,-4.149795,-0.1646732,-0.164673
12.6201,-5.124357,-6.624333,-1.037449,-1.037448,-2.074898,-2.074896,-4.149795,-0.1644122,-0.1644121
12.6401,-5.145106,-6.645082,-1.037449,-1.037448,-2.074898,-2.074896,-4.149795,-0.1641521,-0.1641519
12.6601,-5.165855,-6.665832,-1.037449,-1.037448,-2.074898,-2.074896,-4.149795,-0.1638927,-0.1638926
12.6801,-5.186604,-6.686581,-1.037449,-1.037448,-2.074898,-2.074896,-4.149795,-0.1636342,-0.1636341
12.7001,-5.207354,-6.70733,-1.037449,-1.037448,-2.074898,-2.074896,-4.149795,-0.1633765,-0.1633764
12.7201,-5.228103,-6.728079,-1.037449,-1.037448,-2.074898,-2.074896,-4.149795,-0.1631196,-0.1631195
12.7401,-5.248852,-6.748828,-1.037449,-1.037448,-2.074898,-2.074896,-4.149795,-0.1628636,-0.1628634
12.7601,-5.269601,-6.769577,-1.037449,-1.037448,-2.074898,-2.074896,-4.149795,-0.1626083,-0.1626081
12.7801,-5.29035,-6.790326,-1.037449,-1.037448,-2.074898,-2.074896,-4.149795,-0.1623538,-0.1623536
12.8001,-5.311099,-6.811075,-1.037449,-1.037448,-2.074898,-2.074896,-4.149795,-0.1621001,-0.1621
12.8201,-5.331848,-6.831824,-1.037449,-1.037448,-2.074898,-2.074896,-4.149795,-0.1618472,-0.1618471
12.8401,-5.352597,-6.852573,-1.037449,-1.037448,-2.074898,-2.074896,-4.149795,-0.1615951,-0.161595
12.8601,-5.373346,-6.873322,-1.037449,-1.037448,-2.074898,-2.074896,-4.149795,-0.1613438,-0.1613437
12.88011,-5.394095,-6.894072,-1.037449,-1.037448,-2.074898,-2.074896,-4.149795,-0.1610933,-0.1610931
12.90011,-5.414845,-6.914821,-1.037449,-1.037448,-2.074898,-2.074896,-4.149795,-0.1608435,-0.1608434
12.92011,-5.435594,-6.93557,-1.037449,-1.037448,-2.074898,-2.074896,-4.149795,-0.1605945,-0.1605944
12.94011,-5.456343,-6.956319,-1.037449,-1.037448,-2.074898,-2.074896,-4.149795,-0.1603463,-0.1603462
12.96011,-5.477092,-6.977068,-1.037449,-1.037448,-2.074898,-2.074896,-4.149795,-0.1600989,-0.1600987
12.98011,-5.497841,-6.997817,-1.037449,-1.037448,-2.074898,-2.074896,-4.149795,-0.1598522,-0.159852
13.00011,-5.51859,-7.018566,-1.037449,-1.037448,-2.074898,-2.074896,-4.149795,-0.1596062,-0.1596061
13.02011,-5.539339,-7.039315,-1.037449,-1.037448,-2.074898,-2.074896,-4.149795,-0.1593611,-0.1593609
13.04011,-5.560088,-7.060064,-1.037449,-1.037448,-2.074898,-2.074896,-4.149795,-0.1591166,-0.1591165
13.06011,-5.580837,-7.080813,-1.037449,-1.037448,-2.074898,-2.074896,-4.149795,-0.158873,-0.1588728
13.08011,-5.601586,-7.101563,-1.037449,-1.037448,-2.074898,-2.074896,-4.149795,-0.15863,-0.1586299
13.10011,-5.622335,-7.122312,-1.037449,-1.037448,-2.074898,-2.074896,-4.149795,-0.1583879,-0.1583877
13.12011,-5.643085,-7.143061,-1.037449,-1.037448,-2.074898,-2.074896,-4.149795,-0.1581464,-0.1581462
13.14011,-5.663834,-7.16381,-1.037449,-1.037448,-2.074898,-2.074896,-4.149795,-0.1579057,-0.1579055
13.16011,-5.684583,-7.184559,-1.037449,-1.037448,-2.074898,-2.074896,-4.149795,-0.1576657,-0.1576656
13.18011,-5.705332,-7.205308,-1.037449,-1.037448,-2.074898,-2.074896,-4.149795,-0.1574264,-0.1574263
13.20011,-5.726081,-7.226057,-1.037449,-1.037448,-2.074898,-2.074896,-4.149795,-0.1571879,-0.1571878
13.22011,-5.74683,-7.246806,-1.037449,-1.037448,-2.074898,-2.074896,-4.149795,-0.1569501,-0.15695
13.24011,-5.767579,-7.267555,-1.037449,-1.037448,-2.074898,-2.074896,-4.149795,-0.156713,-0.1567129
13.26011,-5.788328,-7.288304,-1.037449,-1.037448,-2.074898,-2.074896,-4.149795,-0.1564767,-0.1564765
13.28011,-5.809077,-7.309053,-1.037449,-1.037448,-2.074898,-2.074896,-4.149795,-0.156241,-0.1562409
13.30011,-5.829826,-7.329803,-1.037449,-1.037448,-2.074898,-2.074896,-4.149795,-0.156006,-0.1560059
13.32012,-5.850575,-7.350552,-1.037449,-1.037448,-2.074898,-2.074896,-4.149795,-0.1557718,-0.1557717
13.34012,-5.871325,-7.371301,-1.037449,-1.037448,-2.074898,-2.074896,-4.149795,-0.1555382,-0.1555381
13.36012,-5.892074,-7.39205,-1.037449,-1.037448,-2.074898,-2.074896,-4.149795,-0.1553054,-0.1553053
13.38012,-5.912861,-7.412761,-1.037449,-1.037448,-2.074898,-2.074896,-4.149795,-0.1550733,-0.1550731
13.40012,-5.933617,-7.433502,-1.037449,-1.037448,-2.074899,-2.074896,-4.149795,-0.1548418,-0.1548416
13.42012,-5.954329,-7.454288,-1.037449,-1.037449,-2.074897,-2.074897,-4.149795,-0.154611,-0.154611
13.44012,-5.975071,-7.475044,-1.03745,-1.037448,-2.074899,-2.074895,-4.149795,-0.154381,-0.1543807
13.46012,-5.995819,-7.495794,-1.037449,-1.037449,-2.074897,-2.074897,-4.149795,-0.1541515,-0.1541515
13.48012,-6.016568,-7.516544,-1.037449,-1.037449,-2.074897,-2.074897,-4.149795,-0.1539228,-0.1539228
13.50012,-6.037317,-7.537293,-1.037451,-1.037447,-2.074901,-2.074893,-4.149795,-0.153695,-0.1536945
13.52012,-6.058066,-7.558042,-1.037449,-1.037448,-2.074899,-2.074896,-4.149795,-0.1534675,-0.1534673
13.54012,-6.078815,-7.578791,-1.037449,-1.037448,-2.074898,-2.074896,-4.149795,-0.1532408,-0.1532406
13.56012,-6.099564,-7.59954,-1.037449,-1.037448,-2.074898,-2.074896,-4.149795,-0.1530147,-0.1530146
13.58012,-6.120313,-7.620289,-1.037449,-1.037448,-2.074898,-2.074896,-4.149795,-0.1527894,-0.1527892
13.60012,-6.141062,-7.641038,-1.037449,-1.037448,-2.074898,-2.074896,-4.149795,-0.1525647,-0.1525645
13.62012,-6.161811,-7.661788,-1.037449,-1.037448,-2.074898,-2.074896,-4.149795,-0.1523407,-0.1523405
13.64012,-6.18256,-7.682537,-1.037449,-1.037448,-2.074898,-2.074896,-4.149795,-0.1521173,-0.1521171
13.66012,-6.20331,-7.703286,-1.037449,-1.037448,-2.074898,-2.074896,-4.149795,-0.1518946,-0.1518944
13.68012,-6.224059,-7.724035,-1.037449,-1.037448,-2.074898,-2.074896,-4.149795,-0.1516725,-0.1516723
13.70012,-6.244808,-7.744784,-1.037449,-1.037448,-2.074898,-2.074896,-4.149795,-0.1514511,-0.1514509
13.72012,-6.265557,-7.765533,-1.037449,-1.037448,-2.074898,-2.074896,-4.149795,-0.1512303,-0.1512301
13.74012,-6.286306,-7.786282,-1.037449,-1.037448,-2.074898,-2.074896,-4.149795,-0.1510101,-0.15101
13.76013,-6.307055,-7.807031,-1.037449,-1.037448,-2.074898,-2.074896,-4.149795,-0.1507906,-0.1507905
13.78013,-6.327804,-7.82778,-1.037449,-1.037448,-2.074898,-2.074896,-4.149795,-0.1505718,-0.1505717
13.80013,-6.348553,-7.848529,-1.037449,-1.037448,-2.074898,-2.074896,-4.149795,-0.1503536,-0.1503534
13.82013,-6.369302,-7.869278,-1.037449,-1.037448,-2.074898,-2.074896,-4.149795,-0.150136,-0.1501358
13.84013,-6.390051,-7.890028,-1.037449,-1.037448,-2.074898,-2.074896,-4.149795,-0.149919,-0.1499189
13.86013,-6.4108,-7.910777,-1.037449,-1.037448,-2.074898,-2.074896,-4.149795,-0.1497027,-0.1497025
