t,x(t),v(t),F(t) (added)
0.02,10,0,-1000
0.04,9.996,-0.2,-999.6
0.06,9.988002,-0.39992,-998.8002
0.08,9.976008,-0.59968,-997.6008
0.09999999,9.960025,-0.7992002,-996.0025
0.12,9.940057,-0.9984007,-994.0057
0.14,9.916113,-1.197202,-991.6113
0.16,9.888203,-1.395524,-988.8203
0.18,9.856337,-1.593288,-985.6337
0.2,9.820528,-1.790415,-982.0528
0.22,9.780791,-1.986825,-978.0791
0.24,9.737143,-2.182441,-973.7142
0.26,9.689599,-2.377184,-968.9599
0.28,9.63818,-2.570976,-963.818
0.3,9.582905,-2.76374,-958.2905
0.32,9.523797,-2.955398,-952.3797
0.34,9.460879,-3.145874,-946.088
0.36,9.394177,-3.335091,-939.4177
0.38,9.323718,-3.522975,-932.3718
0.4,9.249529,-3.709449,-924.9529
0.42,9.17164,-3.89444,-917.1641
0.4400001,9.090083,-4.077872,-909.0083
0.4600001,9.004889,-4.259674,-900.489
0.4800001,8.916094,-4.439772,-891.6094
0.5000001,8.823732,-4.618093,-882.3732
0.52,8.727841,-4.794568,-872.7841
0.54,8.628459,-4.969125,-862.8459
0.56,8.525625,-5.141694,-852.5625
0.58,8.419381,-5.312207,-841.9381
0.6,8.30977,-5.480594,-830.977
0.6199999,8.196834,-5.64679,-819.6833
0.6399999,8.080619,-5.810726,-808.0619
0.6599999,7.961172,-5.972339,-796.1172
0.6799999,7.838541,-6.131562,-783.8541
0.6999999,7.712774,-6.288333,-771.2774
0.7199998,7.583922,-6.442588,-758.3922
0.7399998,7.452037,-6.594267,-745.2037
0.7599998,7.317171,-6.743308,-731.717
0.7799998,7.179378,-6.889651,-717.9377
0.7999998,7.038713,-7.033238,-703.8713
0.8199998,6.895233,-7.174013,-689.5233
0.8399997,6.748994,-7.311917,-674.8994
0.8599997,6.600057,-7.446897,-660.0057
0.8799997,6.448479,-7.578898,-644.8479
0.8999997,6.294322,-7.707868,-629.4321
0.9199997,6.137647,-7.833754,-613.7646
0.9399996,5.978517,-7.956507,-597.8517
0.9599996,5.816995,-8.076077,-581.6995
0.9799996,5.653147,-8.192417,-565.3147
0.9999996,5.487037,-8.30548,-548.7037
1.02,5.318733,-8.415221,-531.8733
1.04,5.148301,-8.521596,-514.8301
1.06,4.97581,-8.624562,-497.581
1.08,4.801328,-8.724078,-480.1328
1.1,4.624926,-8.820105,-462.4926
1.12,4.446674,-8.912603,-444.6674
1.14,4.266643,-9.001537,-426.6643
1.159999,4.084906,-9.08687,-408.4906
1.179999,3.901534,-9.168569,-390.1534
1.199999,3.716602,-9.246599,-371.6602
1.219999,3.530184,-9.320931,-353.0184
1.239999,3.342353,-9.391535,-334.2353
1.259999,3.153185,-9.458382,-315.3185
1.279999,2.962756,-9.521445,-296.2756
1.299999,2.771142,-9.580701,-277.1143
1.319999,2.57842,-9.636124,-257.842
1.339999,2.384666,-9.687692,-238.4666
1.359999,2.189959,-9.735385,-218.9958
1.379999,1.994375,-9.779184,-199.4375
1.399999,1.797993,-9.819072,-179.7993
1.419999,1.600893,-9.855032,-160.0893
1.439999,1.403152,-9.88705,-140.3152
1.459999,1.204849,-9.915112,-120.4849
1.479999,1.006065,-9.93921,-100.6065
1.499999,0.8068786,-9.959332,-80.68787
1.519999,0.6073692,-9.975469,-60.73692
1.539999,0.4076169,-9.987616,-40.7617
1.559999,0.2077016,-9.995768,-20.77016
1.579999,0.007703155,-9.999922,-0.7703155
1.599999,-0.1922984,-10.00008,19.22984
1.619999,-0.392223,-9.99623,39.2223
1.639999,-0.5919906,-9.988385,59.19907
1.659999,-0.7915215,-9.976545,79.15215
1.679999,-0.9907358,-9.960715,99.07359
1.699999,-1.189554,-9.940901,118.9554
1.719999,-1.387896,-9.917109,138.7896
1.739999,-1.585683,-9.889352,158.5683
1.759999,-1.782836,-9.857638,178.2836
1.779999,-1.979275,-9.821981,197.9276
1.799999,-2.174923,-9.782396,217.4923
1.819999,-2.369701,-9.738898,236.9701
1.839999,-2.563531,-9.691504,256.3531
1.859999,-2.756336,-9.640234,275.6336
1.879999,-2.948038,-9.585107,294.8038
1.899999,-3.138561,-9.526146,313.8561
1.919999,-3.327828,-9.463375,332.7828
1.939999,-3.515765,-9.396818,351.5765
1.959999,-3.702295,-9.326503,370.2295
1.979999,-3.887344,-9.252457,388.7344
1.999999,-4.070838,-9.174709,407.0838
2.019999,-4.252704,-9.093292,425.2704
2.039999,-4.432868,-9.008238,443.2868
2.059999,-4.61126,-8.91958,461.126
2.079999,-4.787807,-8.827355,478.7807
2.099999,-4.962439,-8.731599,496.2439
2.119999,-5.135086,-8.63235,513.5086
2.139999,-5.305679,-8.529648,530.5679
2.159999,-5.47415,-8.423534,547.415
2.179999,-5.640431,-8.314052,564.0431
2.199999,-5.804456,-8.201243,580.4456
2.219999,-5.966159,-8.085155,596.6159
2.239999,-6.125475,-7.965831,612.5475
2.259999,-6.282342,-7.843322,628.2342
2.279999,-6.436696,-7.717675,643.6696
2.299999,-6.588474,-7.588941,658.8474
2.319999,-6.737617,-7.457171,673.7617
2.339998,-6.884066,-7.322419,688.4066
2.359998,-7.027761,-7.184738,702.7761
2.379998,-7.168644,-7.044182,716.8644
2.399998,-7.30666,-6.900809,730.666
2.419998,-7.441754,-6.754676,744.1754
2.439998,-7.573871,-6.605841,757.3871
2.459998,-7.702958,-6.454363,770.2958
2.479998,-7.828964,-6.300304,782.8964
2.499998,-7.951838,-6.143725,795.1838
2.519998,-8.071532,-5.984688,807.1532
2.539998,-8.187998,-5.823257,818.7998
2.559998,-8.301188,-5.659497,830.1188
2.579998,-8.411057,-5.493474,841.1057
2.599998,-8.517562,-5.325253,851.7562
2.619998,-8.62066,-5.154902,862.066
2.639998,-8.720309,-4.982488,872.0309
2.659998,-8.816471,-4.808082,881.6471
2.679998,-8.909106,-4.631752,890.9106
2.699998,-8.998178,-4.45357,899.8177
2.719998,-9.08365,-4.273607,908.365
2.739998,-9.165488,-4.091934,916.5488
2.759998,-9.243661,-3.908624,924.3661
2.779998,-9.318136,-3.723751,931.8136
2.799998,-9.388884,-3.537388,938.8884
2.819998,-9.455875,-3.34961,945.5875
2.839998,-9.519085,-3.160493,951.9085
2.859998,-9.578487,-2.970111,957.8488
2.879998,-9.634058,-2.778541,963.4058
2.899998,-9.685775,-2.58586,968.5775
2.919998,-9.733618,-2.392145,973.3618
2.939998,-9.777567,-2.197472,977.7567
2.959998,-9.817605,-2.001921,981.7605
2.979998,-9.853717,-1.805569,985.3717
2.999998,-9.885887,-1.608495,988.5887
3.019998,-9.914103,-1.410777,991.4103
3.039998,-9.938353,-1.212495,993.8353
3.059998,-9.958627,-1.013728,995.8627
3.079998,-9.974917,-0.8145552,997.4918
3.099998,-9.987219,-0.6150568,998.7219
3.119998,-9.995525,-0.4153124,999.5526
3.139998,-9.999833,-0.2154019,999.9833
3.159998,-10.00014,-0.01540527,1000.014
3.179998,-9.996449,0.1845976,999.645
3.199998,-9.988759,0.3845266,998.8759
3.219998,-9.977073,0.5843017,997.7073
3.239998,-9.961396,0.7838432,996.1396
3.259998,-9.941735,0.9830711,994.1735
3.279998,-9.918097,1.181906,991.8098
3.299998,-9.890492,1.380268,989.0493
3.319998,-9.858931,1.578078,985.8931
3.339998,-9.823425,1.775256,982.3425
3.359998,-9.783991,1.971725,978.3991
3.379997,-9.740643,2.167404,974.0643
3.399997,-9.693398,2.362217,969.3398
3.419997,-9.642277,2.556085,964.2277
3.439997,-9.587298,2.748931,958.7299
3.459997,-9.528485,2.940677,952.8485
3.479997,-9.46586,3.131246,946.5861
3.499997,-9.399449,3.320564,939.9449
3.519997,-9.329278,3.508553,932.9278
3.539997,-9.255375,3.695138,925.5375
3.559997,-9.17777,3.880246,917.777
3.579997,-9.096494,4.063801,909.6494
3.599997,-9.01158,4.245731,901.158
3.619997,-8.92306,4.425963,892.306
3.639997,-8.830972,4.604424,883.0972
3.659997,-8.735351,4.781044,873.535
3.679997,-8.636235,4.95575,863.6235
3.699997,-8.533666,5.128475,853.3666
3.719997,-8.427683,5.299149,842.7683
3.739997,-8.318329,5.467702,831.8329
3.759997,-8.205647,5.634069,820.5648
3.779997,-8.089684,5.798182,808.9684
3.799997,-7.970484,5.959976,797.0484
3.819997,-7.848096,6.119385,784.8096
3.839997,-7.722569,6.276347,772.2569
3.859997,-7.593953,6.430799,759.3953
3.879997,-7.462299,6.582677,746.2299
3.899997,-7.327661,6.731923,732.7661
3.919997,-7.190092,6.878476,719.0092
3.939997,-7.049646,7.022278,704.9646
3.959997,-6.906381,7.163271,690.6381
3.979997,-6.760353,7.301399,676.0353
3.999997,-6.61162,7.436606,661.162
4.019997,-6.460244,7.568838,646.0244
4.039997,-6.306283,7.698043,630.6283
4.059997,-6.1498,7.824169,614.98
4.079997,-5.990857,7.947165,599.0857
4.099997,-5.829517,8.066981,582.9517
4.119997,-5.665845,8.183572,566.5845
4.139997,-5.499907,8.296888,549.9907
4.159997,-5.33177,8.406886,533.177
4.179997,-5.1615,8.513521,516.15
4.199997,-4.989164,8.616751,498.9164
4.219997,-4.814834,8.716534,481.4834
4.239997,-4.638577,8.81283,463.8577
4.259997,-4.460465,8.905602,446.0465
4.279997,-4.280569,8.994811,428.0569
4.299997,-4.09896,9.080422,409.896
4.319997,-3.915712,9.162401,391.5712
4.339997,-3.730898,9.240715,373.0898
4.359997,-3.544591,9.315333,354.4591
4.379997,-3.356866,9.386225,335.6866
4.399997,-3.167799,9.453362,316.7799
4.419997,-2.977465,9.516719,297.7465
4.439997,-2.785939,9.576268,278.5939
4.459997,-2.593299,9.631987,259.3299
4.479997,-2.399622,9.683852,239.9622
4.499997,-2.204986,9.731845,220.4986
4.519997,-2.009467,9.775945,200.9467
4.539997,-1.813144,9.816134,181.3144
4.559997,-1.616096,9.852397,161.6096
4.579997,-1.418402,9.884719,141.8402
4.599997,-1.22014,9.913087,122.014
4.619997,-1.02139,9.93749,102.139
4.639997,-0.8222318,9.957917,82.22318
4.659997,-0.6227446,9.974361,62.27446
4.679996,-0.4230082,9.986816,42.30082
4.699996,-0.2231027,9.995276,22.31027
4.719996,-0.02310793,9.999739,2.310793
4.739996,0.1768961,10.0002,-17.68961
4.759996,0.3768294,9.996663,-37.68293
4.779996,0.5766119,9.989126,-57.66119
4.799996,0.7761638,9.977594,-77.61638
4.819996,0.9754052,9.962071,-97.54052
4.839996,1.174256,9.942563,-117.4256
4.859996,1.372638,9.919078,-137.2638
4.879996,1.57047,9.891625,-157.047
4.899996,1.767675,9.860216,-176.7675
4.919996,1.964172,9.824862,-196.4172
4.939996,2.159883,9.785579,-215.9883
4.959996,2.354731,9.742381,-235.4731
4.979996,2.548637,9.695287,-254.8637
4.999996,2.741523,9.644314,-274.1523
5.019996,2.933313,9.589483,-293.3313
5.039996,3.123929,9.530817,-312.3929
5.059996,3.313296,9.468338,-331.3296
5.079996,3.501338,9.402072,-350.1338
5.099996,3.687979,9.332046,-368.7979
5.119996,3.873144,9.258286,-387.3144
5.139996,4.056761,9.180822,-405.6761
5.159996,4.238755,9.099688,-423.8755
5.179996,4.419053,9.014913,-441.9053
5.199996,4.597584,8.926532,-459.7584
5.219996,4.774275,8.83458,-477.4275
5.239996,4.949057,8.739095,-494.9057
5.259996,5.12186,8.640114,-512.186
5.279996,5.292613,8.537677,-529.2613
5.299996,5.461249,8.431825,-546.1249
5.319996,5.627701,8.322599,-562.7701
5.339996,5.791902,8.210046,-579.1902
5.359996,5.953786,8.094208,-595.3787
5.379996,6.113289,7.975132,-611.3289
5.399996,6.270346,7.852866,-627.0346
5.419996,6.424895,7.727459,-642.4895
5.439996,6.576875,7.598961,-657.6875
5.459996,6.726223,7.467424,-672.6223
5.479996,6.872881,7.3329,-687.2881
5.499996,7.01679,7.195442,-701.679
5.519996,7.157892,7.055106,-715.7892
5.539996,7.296131,6.911948,-729.6131
5.559996,7.431452,6.766026,-743.1452
5.579996,7.5638,6.617396,-756.38
5.599996,7.693122,6.46612,-769.3123
5.619996,7.819367,6.312258,-781.9368
5.639996,7.942485,6.15587,-794.2485
5.659996,8.062426,5.997021,-806.2426
5.679996,8.179141,5.835772,-817.9141
5.699996,8.292584,5.672189,-829.2584
5.719995,8.402711,5.506338,-840.2711
5.739995,8.509477,5.338284,-850.9477
5.759995,8.612839,5.168094,-861.2839
5.779995,8.712755,4.995837,-871.2755
5.799995,8.809187,4.821582,-880.9187
5.819995,8.902095,4.645399,-890.2095
5.839995,8.991442,4.467357,-899.1442
5.859995,9.077192,4.287528,-907.7192
5.879995,9.159312,4.105984,-915.9312
5.899995,9.237768,3.922798,-923.7768
5.919995,9.312529,3.738043,-931.2529
5.939995,9.383564,3.551792,-938.3564
5.959995,9.450847,3.364121,-945.0847
5.979995,9.514349,3.175104,-951.4349
5.999995,9.574045,2.984817,-957.4045
6.019995,9.629912,2.793336,-962.9912
6.039995,9.681927,2.600738,-968.1927
6.059995,9.730069,2.407099,-973.0069
6.079995,9.774319,2.212498,-977.4319
6.099995,9.814659,2.017012,-981.4659
6.119995,9.851073,1.820719,-985.1073
6.139995,9.883547,1.623697,-988.3547
6.159995,9.912067,1.426026,-991.2067
6.179995,9.936624,1.227785,-993.6624
6.199995,9.957205,1.029052,-995.7205
6.219995,9.973803,0.8299084,-997.3802
6.239995,9.986411,0.6304323,-998.6411
6.259995,9.995026,0.4307041,-999.5026
6.279995,9.999641,0.2308036,-999.9641
6.299995,10.00026,0.03081078,-1000.026
6.319995,9.996874,-0.1691944,-999.6874
6.339995,9.989491,-0.3691319,-998.9492
6.359995,9.978113,-0.5689217,-997.8113
6.379995,9.962744,-0.7684839,-996.2744
6.399995,9.943389,-0.9677388,-994.3389
6.419995,9.920056,-1.166607,-992.0056
6.439995,9.892756,-1.365008,-989.2756
6.459995,9.861499,-1.562863,-986.1499
6.479995,9.826297,-1.760093,-982.6297
6.499995,9.787165,-1.956619,-978.7165
6.519995,9.744118,-2.152362,-974.4117
6.539995,9.697173,-2.347244,-969.7173
6.559995,9.646349,-2.541188,-964.6349
6.579995,9.591666,-2.734115,-959.1666
6.599995,9.533147,-2.925948,-953.3147
6.619995,9.470815,-3.116611,-947.0815
6.639995,9.404695,-3.306027,-940.4695
6.659995,9.334812,-3.494121,-933.4812
6.679995,9.261196,-3.680817,-926.1196
6.699995,9.183875,-3.866041,-918.3875
6.719995,9.10288,-4.049718,-910.288
6.739995,9.018245,-4.231776,-901.8245
6.759995,8.930002,-4.412141,-893.0002
6.779994,8.838187,-4.590741,-883.8187
6.799994,8.742837,-4.767504,-874.2837
6.819994,8.64399,-4.942361,-864.3989
6.839994,8.541685,-5.115241,-854.1685
6.859994,8.435964,-5.286074,-843.5964
6.879994,8.326868,-5.454793,-832.6868
6.899994,8.214441,-5.621331,-821.4442
6.919994,8.098729,-5.78562,-809.8729
6.939994,7.979777,-5.947594,-797.9777
6.959994,7.857634,-6.10719,-785.7634
6.979994,7.732347,-6.264342,-773.2347
6.999994,7.603967,-6.418989,-760.3967
7.019994,7.472545,-6.571068,-747.2545
7.039994,7.338135,-6.720519,-733.8135
7.059994,7.200789,-6.867282,-720.0789
7.079994,7.060563,-7.011298,-706.0563
7.099994,6.917513,-7.152509,-691.7513
7.119994,6.771696,-7.290859,-677.1696
7.139994,6.62317,-7.426293,-662.317
7.159994,6.471995,-7.558757,-647.1995
7.179994,6.318231,-7.688197,-631.8231
7.199994,6.16194,-7.814561,-616.194
7.219994,6.003184,-7.9378,-600.3184
7.239994,5.842027,-8.057864,-584.2027
7.259994,5.678533,-8.174705,-567.8533
7.279994,5.512768,-8.288275,-551.2768
7.299994,5.344797,-8.39853,-534.4797
7.319994,5.174689,-8.505426,-517.4689
7.339994,5.002511,-8.60892,-500.2511
7.359994,4.828331,-8.70897,-482.8331
7.379994,4.65222,-8.805536,-465.222
7.399994,4.474249,-8.898581,-447.4249
7.419994,4.294487,-8.988066,-429.4488
7.439994,4.113008,-9.073956,-411.3008
7.459994,3.929884,-9.156216,-392.9884
7.479994,3.745188,-9.234814,-374.5188
7.499994,3.558994,-9.309717,-355.8994
7.519994,3.371376,-9.380898,-337.1375
7.539994,3.182409,-9.448325,-318.2409
7.559994,2.99217,-9.511973,-299.2169
7.579994,2.800733,-9.571816,-280.0733
7.599994,2.608177,-9.627831,-260.8177
7.619994,2.414577,-9.679995,-241.4577
7.639994,2.220011,-9.728286,-222.0011
7.659994,2.024557,-9.772686,-202.4557
7.679994,1.828294,-9.813177,-182.8294
7.699994,1.631299,-9.849743,-163.1299
7.719994,1.433652,-9.882369,-143.3652
7.739994,1.235431,-9.911042,-123.5431
7.759994,1.036716,-9.935751,-103.6716
7.779994,0.837586,-9.956486,-83.75861
7.799994,0.6381213,-9.973237,-63.81213
7.819993,0.4384013,-9.985999,-43.84013
7.839993,0.238506,-9.994767,-23.8506
7.859993,0.03851525,-9.999537,-3.851526
7.879993,-0.1614909,-10.00031,16.14909
7.899993,-0.3614325,-9.997078,36.14325
7.919993,-0.5612295,-9.989849,56.12295
7.939993,-0.760802,-9.978624,76.0802
7.959993,-0.9600701,-9.963408,96.00701
7.979993,-1.158954,-9.944207,115.8954
7.999993,-1.357375,-9.921028,135.7375
8.019994,-1.555252,-9.893881,155.5252
8.039994,-1.752508,-9.862776,175.2508
8.059995,-1.949062,-9.827725,194.9063
8.079995,-2.144837,-9.788744,214.4837
8.099996,-2.339754,-9.745848,233.9754
8.119996,-2.533735,-9.699053,253.3735
8.139997,-2.726703,-9.648378,272.6703
8.159997,-2.91858,-9.593844,291.858
8.179997,-3.109289,-9.535473,310.9289
8.199998,-3.298755,-9.473287,329.8755
8.219998,-3.486901,-9.407311,348.6901
8.239999,-3.673652,-9.337573,367.3652
8.259999,-3.858934,-9.2641,385.8934
8.28,-4.042673,-9.186921,404.2673
8.3,-4.224794,-9.106068,422.4794
8.320001,-4.405225,-9.021572,440.5225
8.340001,-4.583895,-8.933468,458.3895
8.360002,-4.760731,-8.84179,476.0731
8.380002,-4.935662,-8.746575,493.5662
8.400002,-5.10862,-8.647862,510.862
8.420003,-5.279533,-8.54569,527.9534
8.440003,-5.448335,-8.440099,544.8335
8.460004,-5.614958,-8.331132,561.4958
8.480004,-5.779335,-8.218833,577.9335
8.500005,-5.9414,-8.103247,594.14
8.520005,-6.101088,-7.984419,610.1088
8.540006,-6.258336,-7.862397,625.8336
8.560006,-6.413081,-7.73723,641.308
8.580007,-6.56526,-7.608969,656.526
8.600007,-6.714813,-7.477664,671.4813
8.620008,-6.861681,-7.343367,686.168
8.640008,-7.005803,-7.206133,700.5803
8.660008,-7.147123,-7.066017,714.7123
8.680009,-7.285585,-6.923075,728.5585
8.700009,-7.421132,-6.777363,742.1132
8.72001,-7.553711,-6.62894,755.3711
8.74001,-7.683268,-6.477866,768.3268
8.760011,-7.809752,-6.3242,780.9752
8.780011,-7.933112,-6.168005,793.3112
8.800012,-8.053299,-6.009343,805.3299
8.820012,-8.170264,-5.848277,817.0264
8.840013,-8.283961,-5.684871,828.3961
8.860013,-8.394345,-5.519192,839.4345
8.880013,-8.501371,-5.351305,850.1371
8.900014,-8.604997,-5.181278,860.4997
8.920014,-8.70518,-5.009178,870.518
8.940015,-8.801882,-4.835074,880.1882
8.960015,-8.895062,-4.659036,889.5062
8.980016,-8.984685,-4.481135,898.4685
9.000016,-9.070714,-4.301441,907.0714
9.020017,-9.153114,-4.120027,915.3114
9.040017,-9.231853,-3.936965,923.1854
9.060018,-9.3069,-3.752328,930.69
9.080018,-9.378223,-3.56619,937.8223
9.100019,-9.445796,-3.378625,944.5796
9.120019,-9.50959,-3.189709,950.959
9.140019,-9.56958,-2.999518,956.958
9.16002,-9.625743,-2.808126,962.5743
9.18002,-9.678055,-2.615611,967.8055
9.200021,-9.726496,-2.42205,972.6496
9.220021,-9.771046,-2.22752,977.1046
9.240022,-9.811687,-2.032099,981.1688
9.260022,-9.848405,-1.835865,984.8405
9.280023,-9.881183,-1.638897,988.1183
9.300023,-9.910008,-1.441274,991.0009
9.320024,-9.93487,-1.243073,993.487
9.340024,-9.955757,-1.044376,995.5757
9.360024,-9.972662,-0.845261,997.2662
9.380025,-9.985579,-0.6458078,998.5579
9.400025,-9.9945,-0.4460962,999.45
9.420026,-9.999424,-0.2462062,999.9424
9.440026,-10.00035,-0.04621777,1000.035
9.460027,-9.997272,0.1537892,999.7272
9.480027,-9.990198,0.3537346,999.0198
9.500028,-9.979127,0.5535386,997.9127
9.520028,-9.964065,0.7531211,996.4064
9.540029,-9.945017,0.9524024,994.5017
9.560029,-9.92199,1.151303,992.199
9.580029,-9.894996,1.349743,989.4996
9.60003,-9.864043,1.547642,986.4043
9.62003,-9.829144,1.744923,982.9144
9.640031,-9.790315,1.941506,979.0315
9.660031,-9.747568,2.137313,974.7568
9.680032,-9.700923,2.332264,970.0923
9.700032,-9.650397,2.526282,965.0397
9.720033,-9.596011,2.71929,959.6011
9.740033,-9.537786,2.911211,953.7786
9.760034,-9.475747,3.101966,947.5747
9.780034,-9.409918,3.291481,940.9918
9.800035,-9.340324,3.47968,934.0325
9.820035,-9.266994,3.666486,926.6995
9.840035,-9.189958,3.851826,918.9958
9.860036,-9.109245,4.035625,910.9246
9.880036,-9.024889,4.21781,902.4889
9.900037,-8.936923,4.398307,893.6923
9.920037,-8.845382,4.577046,884.5381
9.940038,-8.750302,4.753953,875.0302
9.960038,-8.651723,4.928959,865.1723
9.980039,-8.549683,5.101994,854.9683
10.00004,-8.444222,5.272988,844.4222
10.02004,-8.335385,5.441872,833.5385
10.04004,-8.223214,5.60858,822.3214
10.06004,-8.107753,5.773044,810.7753
10.08004,-7.989049,5.935199,798.9049
10.10004,-7.867149,6.09498,786.715
10.12004,-7.742103,6.252323,774.2103
10.14004,-7.61396,6.407165,761.396
10.16004,-7.482771,6.559444,748.2771
10.18004,-7.348589,6.7091,734.8589
10.20004,-7.211468,6.856071,721.1468
10.22004,-7.071462,7.000301,707.1462
10.24004,-6.928627,7.14173,692.8627
10.26005,-6.783021,7.280303,678.3021
10.28005,-6.634702,7.415963,663.4702
10.30005,-6.483728,7.548657,648.3729
10.32005,-6.330162,7.678332,633.0162
10.34005,-6.174063,7.804935,617.4063
10.36005,-6.015494,7.928416,601.5494
10.38005,-5.85452,8.048726,585.452
10.40005,-5.691204,8.165816,569.1204
10.42005,-5.525611,8.27964,552.5611
10.44005,-5.357808,8.390152,535.7808
10.46005,-5.187862,8.497308,518.7862
10.48005,-5.015841,8.601065,501.584
10.50005,-4.841813,8.701382,484.1813
10.52005,-4.665849,8.798218,466.5849
10.54005,-4.488018,8.891535,448.8018
10.56005,-4.308392,8.981296,430.8392
10.58005,-4.127043,9.067464,412.7043
10.60005,-3.944043,9.150004,394.4043
10.62005,-3.759465,9.228886,375.9465
10.64005,-3.573384,9.304075,357.3383
10.66005,-3.385873,9.375543,338.5873
10.68005,-3.197008,9.44326,319.7008
10.70006,-3.006864,9.5072,300.6864
10.72006,-2.815517,9.567337,281.5517
10.74006,-2.623044,9.623648,262.3044
10.76006,-2.429522,9.676108,242.9522
10.78006,-2.235028,9.724699,223.5028
10.80006,-2.03964,9.7694,203.964
10.82006,-1.843436,9.810192,184.3436
10.84006,-1.646495,9.847061,164.6495
10.86006,-1.448895,9.879991,144.8895
10.88006,-1.250715,9.908969,125.0715
10.90006,-1.052036,9.933983,105.2036
10.92006,-0.8529353,9.955024,85.29353
10.94006,-0.6534936,9.972082,65.34937
10.96006,-0.4537906,9.985152,45.37906
10.98006,-0.253906,9.994228,25.3906
11.00006,-0.05391991,9.999307,5.391991
11.02006,0.1460878,10.00039,-14.60878
11.04006,0.3460371,9.997463,-34.60371
11.06006,0.5458479,9.990542,-54.58479
11.08006,0.7454404,9.979626,-74.54404
11.10006,0.9447348,9.964717,-94.47347
11.12006,1.143651,9.945822,-114.3651
11.14007,1.34211,9.922949,-134.211
11.16007,1.540032,9.896107,-154.0032
11.18007,1.737338,9.865306,-173.7338
11.20007,1.93395,9.830559,-193.395
11.22007,2.129787,9.79188,-212.9787
11.24007,2.324773,9.749284,-232.4773
11.26007,2.518829,9.702788,-251.8829
11.28007,2.711877,9.652411,-271.1877
11.30007,2.90384,9.598174,-290.384
11.32007,3.094642,9.540097,-309.4642
11.34007,3.284206,9.478205,-328.4206
11.36007,3.472456,9.41252,-347.2456
11.38007,3.659318,9.343071,-365.9318
11.40007,3.844716,9.269885,-384.4716
11.42007,4.028575,9.19299,-402.8575
11.44007,4.210824,9.112419,-421.0824
11.46007,4.391388,9.028203,-439.1388
11.48007,4.570195,8.940375,-457.0195
11.50007,4.747175,8.848971,-474.7175
11.52007,4.922256,8.754028,-492.2256
11.54007,5.095367,8.655583,-509.5367
11.56007,5.26644,8.553676,-526.644
11.58008,5.435407,8.448347,-543.5407
11.60008,5.6022,8.339639,-560.22
11.62008,5.766752,8.227594,-576.6752
11.64008,5.928997,8.112259,-592.8997
11.66008,6.088871,7.993679,-608.887
11.68008,6.246308,7.871902,-624.6309
11.70008,6.401248,7.746975,-640.1248
11.72008,6.553627,7.61895,-655.3627
11.74008,6.703384,7.487878,-670.3384
11.76008,6.850461,7.35381,-685.0461
11.78008,6.994797,7.216801,-699.4797
11.80008,7.136335,7.076905,-713.6335
11.82008,7.275019,6.934178,-727.5019
11.84008,7.410792,6.788678,-741.0792
11.86008,7.543602,6.640462,-754.3602
11.88008,7.673393,6.48959,-767.3394
11.90008,7.800116,6.336123,-780.0115
11.92008,7.923718,6.18012,-792.3718
11.94008,8.044151,6.021646,-804.4152
11.96008,8.161366,5.860763,-816.1367
11.98008,8.275317,5.697536,-827.5317
12.00008,8.385958,5.532029,-838.5958
12.02009,8.493244,5.36431,-849.3244
12.04009,8.597133,5.194445,-859.7133
12.06009,8.697583,5.022502,-869.7583
12.08009,8.794554,4.848551,-879.4554
12.10009,8.888007,4.67266,-888.8007
12.12009,8.977905,4.4949,-897.7905
12.14009,9.064212,4.315341,-906.4212
12.16009,9.146893,4.134057,-914.6893
12.18009,9.225915,3.951119,-922.5915
12.20009,9.301247,3.766601,-930.1246
12.22009,9.372858,3.580576,-937.2858
12.24009,9.440721,3.393119,-944.0721
12.26009,9.504807,3.204304,-950.4807
12.28009,9.565091,3.014208,-956.5091
12.30009,9.62155,2.822906,-962.155
12.32009,9.674159,2.630476,-967.4159
12.34009,9.722898,2.436992,-972.2899
12.36009,9.767749,2.242534,-976.7749
12.38009,9.808692,2.047179,-980.8692
12.40009,9.845712,1.851006,-984.5712
12.42009,9.878794,1.654091,-987.8794
12.44009,9.907924,1.456516,-990.7924
12.4601,9.933091,1.258357,-993.3091
12.4801,9.954285,1.059695,-995.4285
12.5001,9.971497,0.8606095,-997.1497
12.5201,9.98472,0.6611796,-998.472
12.5401,9.99395,0.4614852,-999.395
12.5601,9.999182,0.2616062,-999.9182
12.5801,10.00041,0.06162259,-1000.041
12.6001,9.997646,-0.1383857,-999.7646
12.6201,9.99088,-0.3383386,-999.088
12.6401,9.980117,-0.5381562,-998.0117
12.6601,9.965362,-0.7377585,-996.5361
12.6801,9.94662,-0.9370657,-994.662
12.7001,9.9239,-1.135998,-992.39
12.7201,9.89721,-1.334476,-989.721
12.7401,9.866562,-1.53242,-986.6562
12.7601,9.831966,-1.729751,-983.1967
12.7801,9.793439,-1.926391,-979.3439
12.8001,9.750994,-2.12226,-975.0994
12.8201,9.704648,-2.31728,-970.4648
12.8401,9.654421,-2.511373,-965.4421
12.8601,9.600331,-2.704461,-960.0331
12.88011,9.542402,-2.896468,-954.2402
12.90011,9.480656,-3.087316,-948.0656
12.92011,9.415117,-3.276929,-941.5117
12.94011,9.345813,-3.465231,-934.5813
12.96011,9.27277,-3.652148,-927.277
12.98011,9.196018,-3.837603,-919.6018
13.00011,9.115588,-4.021523,-911.5588
13.02011,9.031511,-4.203835,-903.1511
13.04011,8.943822,-4.384465,-894.3822
13.06011,8.852555,-4.563341,-885.2556
13.08011,8.757748,-4.740392,-875.7748
13.10011,8.659437,-4.915547,-865.9437
13.12011,8.557662,-5.088736,-855.7662
13.14011,8.452464,-5.259889,-845.2464
13.16011,8.343885,-5.428938,-834.3885
13.18011,8.231969,-5.595816,-823.1969
13.20011,8.116759,-5.760456,-811.6759
13.22011,7.998303,-5.922791,-799.8303
13.24011,7.876648,-6.082757,-787.6649
13.26011,7.751842,-6.24029,-775.1843
13.28011,7.623936,-6.395327,-762.3936
13.30011,7.49298,-6.547806,-749.298
13.32012,7.359027,-6.697665,-735.9027
13.34012,7.22213,-6.844846,-722.213
13.36012,7.082344,-6.989288,-708.2344
13.38012,6.939725,-7.130935,-693.9725
13.40012,6.794331,-7.26973,-679.433
13.42012,6.646218,-7.405616,-664.6218
13.44012,6.495448,-7.538541,-649.5447
13.46012,6.342079,-7.66845,-634.2079
13.48012,6.186173,-7.795291,-618.6173
13.50012,6.027792,-7.919015,-602.7792
13.52012,5.867001,-8.039571,-586.7001
13.54012,5.703863,-8.156911,-570.3863
13.56012,5.538443,-8.270988,-553.8443
13.58012,5.370808,-8.381758,-537.0808
13.60012,5.201025,-8.489174,-520.1025
13.62012,5.02916,-8.593194,-502.916
13.64012,4.855285,-8.693777,-485.5285
13.66012,4.679468,-8.790883,-467.9468
13.68012,4.501778,-8.884473,-450.1778
13.70012,4.322288,-8.974508,-432.2288
13.72012,4.141069,-9.060954,-414.1069
13.74012,3.958193,-9.143776,-395.8193
13.76013,3.773735,-9.222939,-377.3734
13.78013,3.587766,-9.298414,-358.7766
13.80013,3.400363,-9.37017,-340.0363
13.82013,3.211599,-9.438177,-321.1599
13.84013,3.021551,-9.502409,-302.1551
13.86013,2.830294,-9.56284,-283.0294
13.88013,2.637905,-9.619447,-263.7905
13.90013,2.444461,-9.672205,-244.4461
13.92013,2.250039,-9.721094,-225.0039
13.94013,2.054718,-9.766095,-205.4718
13.96013,1.858574,-9.80719,-185.8574
13.98013,1.661687,-9.844361,-166.1687
14.00013,1.464135,-9.877595,-146.4135
14.02013,1.265997,-9.906878,-126.5997
14.04013,1.067353,-9.932198,-106.7353
14.06013,0.8682824,-9.953545,-86.82824
14.08013,0.6688642,-9.97091,-66.88642
14.10013,0.4691784,-9.984287,-46.91784
14.12013,0.2693051,-9.99367,-26.93051
14.14013,0.06932391,-9.999057,-6.932391
14.16013,-0.130685,-10.00044,13.0685
14.18013,-0.3306415,-9.997829,33.06416
14.20014,-0.5304658,-9.991217,53.04659
14.22014,-0.730078,-9.980607,73.0078
14.24014,-0.9293981,-9.966005,92.9398
14.26014,-1.128346,-9.947417,112.8346
14.28014,-1.326844,-9.92485,132.6844
14.30014,-1.52481,-9.898314,152.481
14.32014,-1.722166,-9.867817,172.2166
14.34014,-1.918833,-9.833374,191.8833
14.36014,-2.114733,-9.794997,211.4733
14.38014,-2.309788,-9.752703,230.9787
14.40014,-2.503918,-9.706507,250.3918
14.42014,-2.697046,-9.656428,269.7046
14.44014,-2.889096,-9.602488,288.9096
14.46014,-3.07999,-9.544705,307.999
14.48014,-3.269652,-9.483106,326.9652
14.50014,-3.458007,-9.417712,345.8007
14.52014,-3.644978,-9.348552,364.4977
14.54014,-3.830491,-9.275652,383.0491
14.56014,-4.014472,-9.199042,401.4471
14.58014,-4.196846,-9.118752,419.6847
14.60014,-4.377543,-9.034816,437.7543
14.62014,-4.556488,-8.947265,455.6488
14.64015,-4.733611,-8.856135,473.3611
14.66015,-4.90884,-8.761463,490.884
14.68015,-5.082106,-8.663286,508.2106
14.70015,-5.253338,-8.561645,525.3339
14.72015,-5.42247,-8.456578,542.247
14.74015,-5.589433,-8.348129,558.9433
14.76015,-5.754159,-8.236341,575.416
14.78015,-5.916584,-8.121258,591.6584
14.80015,-6.076643,-8.002926,607.6643
14.82015,-6.234271,-7.881393,623.4271
14.84015,-6.389405,-7.756708,638.9406
14.86015,-6.541984,-7.62892,654.1984
14.88015,-6.691945,-7.49808,669.1945
14.90015,-6.83923,-7.364241,683.923
14.92015,-6.983779,-7.227456,698.3779
14.94015,-7.125535,-7.08778,712.5535
14.96015,-7.26444,-6.94527,726.444
14.98015,-7.40044,-6.799981,740.0439
15.00015,-7.533479,-6.651972,753.3479
15.02015,-7.663505,-6.501302,766.3505
15.04015,-7.790466,-6.348032,779.0466
15.06015,-7.91431,-6.192223,791.431
15.08016,-8.034989,-6.033937,803.499
15.10016,-8.152454,-5.873237,815.2454
15.12016,-8.266658,-5.710187,826.6658
15.14016,-8.377555,-5.544854,837.7555
15.16016,-8.485101,-5.377303,848.5101
15.18016,-8.589252,-5.207601,858.9252
15.20016,-8.689969,-5.035816,868.9969
15.22016,-8.78721,-4.862017,878.7209
15.24016,-8.880935,-4.686273,888.0934
15.26016,-8.971107,-4.508654,897.1107
15.28016,-9.057693,-4.329232,905.7692
15.30016,-9.140655,-4.148078,914.0654
15.32016,-9.21996,-3.965265,921.996
15.34016,-9.295578,-3.780866,929.5578
15.36016,-9.367477,-3.594954,936.7477
15.38016,-9.43563,-3.407605,943.563
15.40016,-9.500008,-3.218892,950.0007
15.42016,-9.560585,-3.028892,956.0585
15.44016,-9.617338,-2.837681,961.7338
15.46016,-9.670245,-2.645334,967.0245
15.48016,-9.719284,-2.451929,971.9284
15.50016,-9.764435,-2.257543,976.4435
15.52017,-9.80568,-2.062254,980.5681
15.54017,-9.843003,-1.866141,984.3004
15.56017,-9.876389,-1.669281,987.6389
15.58017,-9.905824,-1.471753,990.5824
15.60017,-9.931296,-1.273637,993.1296
15.62017,-9.952797,-1.075011,995.2797
15.64017,-9.970316,-0.8759547,997.0316
15.66017,-9.983847,-0.6765484,998.3846
15.68017,-9.993384,-0.4768715,999.3384
15.70017,-9.998924,-0.2770038,999.8925
15.72017,-10.00046,-0.07702534,1000.046
15.74017,-9.998005,0.1229839,999.8005
15.76017,-9.991546,0.322944,999.1545
15.78017,-9.981091,0.5227749,998.1091
15.80017,-9.966642,0.7223967,996.6642
15.82017,-9.948208,0.9217296,994.8208
15.84017,-9.925794,1.120694,992.5793
15.86017,-9.899409,1.31921,989.9409
15.88017,-9.869065,1.517198,986.9066
15.90017,-9.834774,1.714579,983.4774
15.92017,-9.796549,1.911274,979.6549
15.94018,-9.754405,2.107205,975.4405
15.96018,-9.708359,2.302294,970.8359
15.98018,-9.658429,2.496461,965.8429
16.00018,-9.604636,2.689629,960.4636
16.02018,-9.547002,2.881722,954.7002
16.04018,-9.485549,3.072662,948.5549
16.06018,-9.420301,3.262373,942.0302
16.08018,-9.351286,3.450779,935.1286
16.10018,-9.27853,3.637805,927.853
16.12018,-9.202063,3.823375,920.2062
16.14018,-9.121914,4.007416,912.1914
16.16018,-9.038116,4.189855,903.8116
16.18018,-8.950705,4.370617,895.0704
16.20018,-8.859712,4.549631,885.9712
16.22018,-8.765175,4.726825,876.5175
16.24018,-8.667132,4.902129,866.7133
16.26018,-8.565623,5.075471,856.5623
16.28018,-8.460688,5.246784,846.0688
16.30018,-8.352367,5.415998,835.2368
16.32018,-8.240706,5.583045,824.0706
16.34018,-8.12575,5.747859,812.575
16.36018,-8.007542,5.910374,800.7542
16.38018,-7.886131,6.070525,788.6132
16.40018,-7.761566,6.228248,776.1566
16.42019,-7.633897,6.383479,763.3897
16.44019,-7.503174,6.536157,750.3174
16.46019,-7.36945,6.686221,736.9449
16.48019,-7.232778,6.83361,723.2778
16.50019,-7.093212,6.978265,709.3212
16.52019,-6.950809,7.12013,695.0809
16.54019,-6.805626,7.259146,680.5626
16.56019,-6.657721,7.395258,665.7721
16.58019,-6.507153,7.528413,650.7153
16.60019,-6.353981,7.658556,635.3981
16.62019,-6.198269,7.785635,619.8269
16.64019,-6.040077,7.909601,604.0077
16.66019,-5.879469,8.030402,587.9469
16.68019,-5.716509,8.147991,571.6509
16.70019,-5.551262,8.262321,555.1262
16.72019,-5.383795,8.373346,538.3795
16.74019,-5.214175,8.481022,521.4175
16.76019,-5.042469,8.585305,504.2469
16.78019,-4.868745,8.686154,486.8745
16.80019,-4.693075,8.783529,469.3075
16.82019,-4.515527,8.877391,451.5527
16.84019,-4.336173,8.967701,433.6172
16.8602,-4.155084,9.054424,415.5084
16.8802,-3.972334,9.137526,397.2334
16.9002,-3.787994,9.216972,378.7994
16.9202,-3.602139,9.292732,360.214
16.9402,-3.414844,9.364775,341.4844
16.9602,-3.226183,9.433071,322.6183
16.9802,-3.036231,9.497595,303.6231
17.0002,-2.845064,9.558319,284.5064
17.0202,-2.65276,9.61522,265.276
17.0402,-2.459394,9.668275,245.9395
17.0602,-2.265045,9.717463,226.5045
17.0802,-2.06979,9.762763,206.979
17.1002,-1.873707,9.804159,187.3707
17.1202,-1.676874,9.841633,167.6874
17.1402,-1.479371,9.875171,147.9371
17.1602,-1.281275,9.904758,128.1275
17.1802,-1.082668,9.930384,108.2668
17.2002,-0.883627,9.952037,88.3627
17.2202,-0.6842328,9.969709,68.42329
17.2402,-0.484565,9.983394,48.4565
17.2602,-0.2847033,9.993085,28.47033
17.2802,-0.08472767,9.998779,8.472768
17.30021,0.1152818,10.00047,-11.52818
17.32021,0.3152452,9.998168,-31.52452
17.34021,0.5150824,9.991863,-51.50824
17.36021,0.7147136,9.981562,-71.47137
17.38021,0.914059,9.967267,-91.4059
17.40021,1.113039,9.948986,-111.3039
17.42021,1.311573,9.926725,-131.1573
17.44021,1.509583,9.900494,-150.9583
17.46021,1.706989,9.870302,-170.6989
17.48021,1.903712,9.836163,-190.3712
17.50021,2.099674,9.798088,-209.9674
17.52021,2.294796,9.756095,-229.4796
17.54021,2.489,9.710199,-248.9
17.56021,2.682209,9.660419,-268.2209
17.58021,2.874344,9.606775,-287.4344
17.60021,3.06533,9.549289,-306.533
17.62021,3.25509,9.487982,-325.5089
17.64021,3.443547,9.42288,-344.3547
17.66021,3.630627,9.35401,-363.0627
17.68021,3.816255,9.281397,-381.6255
17.70021,4.000357,9.205071,-400.0357
17.72021,4.182858,9.125064,-418.2858
17.74022,4.363686,9.041407,-436.3686
17.76022,4.542769,8.954133,-454.2769
17.78022,4.720035,8.863277,-472.0034
17.80022,4.895412,8.768877,-489.5412
17.82022,5.068831,8.670969,-506.8831
17.84022,5.240223,8.569592,-524.0223
17.86022,5.409519,8.464788,-540.9519
17.88022,5.576651,8.356598,-557.6651
17.90022,5.741552,8.245065,-574.1552
17.92022,5.904157,8.130234,-590.4157
17.94022,6.0644,8.012151,-606.44
17.96022,6.222218,7.890863,-622.2217
17.98022,6.377546,7.766418,-637.7546
18.00022,6.530323,7.638867,-653.0323
18.02022,6.680488,7.508261,-668.0488
18.04022,6.827981,7.374651,-682.7981
18.06022,6.972743,7.238091,-697.2743
18.08022,7.114716,7.098637,-711.4716
18.10022,7.253842,6.956342,-725.3842
18.12022,7.390068,6.811265,-739.0068
18.14022,7.523337,6.663464,-752.3337
18.16022,7.653597,6.512997,-765.3597
18.18023,7.780796,6.359925,-778.0795
18.20023,7.904882,6.204309,-790.4882
18.22023,8.025806,6.046212,-802.5806
18.24023,8.14352,5.885695,-814.3521
18.26023,8.257977,5.722825,-825.7977
18.28023,8.36913,5.557665,-836.913
18.30023,8.476935,5.390283,-847.6935
18.32023,8.58135,5.220744,-858.135
18.34023,8.682333,5.049117,-868.2333
18.36023,8.779842,4.875471,-877.9843
18.38023,8.87384,4.699874,-887.384
18.40023,8.964289,4.522397,-896.4289
18.42023,9.051151,4.343111,-905.1151
18.44023,9.134393,4.162088,-913.4393
18.46023,9.213981,3.9794,-921.3981
18.48023,9.289883,3.79512,-928.9883
18.50023,9.362069,3.609323,-936.2069
18.52023,9.430511,3.422081,-943.051
18.54023,9.49518,3.233471,-949.518
18.56023,9.556051,3.043568,-955.6051
18.58023,9.6131,2.852447,-961.31
18.60023,9.666304,2.660185,-966.6304
18.62024,9.715641,2.466859,-971.5641
18.64024,9.761092,2.272546,-976.1092
18.66024,9.802639,2.077324,-980.2639
18.68024,9.840264,1.881271,-984.0264
18.70024,9.873954,1.684466,-987.3954
18.72024,9.903693,1.486987,-990.3693
18.74024,9.929471,1.288913,-992.9471
18.76024,9.951278,1.090324,-995.1277
18.78024,9.969104,0.8912983,-996.9104
18.80024,9.982943,0.6919162,-998.2943
18.82024,9.992787,0.4922574,-999.2787
18.84024,9.998635,0.2924016,-999.8635
18.86024,10.00048,0.09242894,-1000.048
18.88024,9.998332,-0.1075807,-999.8332
18.90024,9.992181,-0.3075474,-999.2181
18.92024,9.982033,-0.507391,-998.2032
18.94024,9.967892,-0.7070316,-996.7892
18.96024,9.949764,-0.9063894,-994.9764
18.98024,9.927656,-1.105385,-992.7656
19.00024,9.901577,-1.303938,-990.1577
19.02024,9.871537,-1.501969,-987.1537
19.04025,9.837549,-1.6994,-983.7549
19.06025,9.799626,-1.896151,-979.9626
19.08025,9.757784,-2.092144,-975.7784
19.10025,9.712038,-2.287299,-971.2038
19.12025,9.662407,-2.48154,-966.2407
19.14025,9.608912,-2.674788,-960.8912
19.16025,9.551572,-2.866966,-955.1572
19.18025,9.490412,-3.057998,-949.0412
19.20025,9.425456,-3.247806,-942.5456
19.22025,9.35673,-3.436315,-935.673
19.24025,9.284261,-3.62345,-928.4261
19.26025,9.208078,-3.809135,-920.8079
19.28025,9.128213,-3.993296,-912.8213
19.30025,9.044696,-4.17586,-904.4696
19.32025,8.957561,-4.356754,-895.756
19.34025,8.866842,-4.535905,-886.6842
19.36025,8.772577,-4.713242,-877.2578
19.38025,8.674804,-4.888694,-867.4803
19.40025,8.57356,-5.06219,-857.356
19.42025,8.468886,-5.233661,-846.8886
19.44025,8.360826,-5.403039,-836.0826
19.46025,8.24942,-5.570255,-824.942
19.48026,8.134715,-5.735244,-813.4715
19.50026,8.016756,-5.897938,-801.6756
19.52026,7.895591,-6.058273,-789.5591
19.54026,7.771267,-6.216185,-777.1267
19.56026,7.643835,-6.371611,-764.3835
19.58026,7.513345,-6.524487,-751.3345
19.60026,7.37985,-6.674754,-737.985
19.62026,7.243403,-6.822351,-724.3403
19.64026,7.104059,-6.967219,-710.4059
19.66026,6.961873,-7.1093,-696.1873
19.68026,6.816902,-7.248538,-681.6902
19.70026,6.669204,-7.384876,-666.9204
19.72026,6.518839,-7.51826,-651.8839
19.74026,6.365866,-7.648637,-636.5866
19.76026,6.210347,-7.775954,-621.0347
19.78026,6.052344,-7.900161,-605.2344
19.80026,5.89192,-8.021208,-589.192
19.82026,5.729139,-8.139047,-572.9139
19.84026,5.564066,-8.25363,-556.4066
19.86026,5.396768,-8.364911,-539.6768
19.88026,5.227311,-8.472846,-522.7311
19.90026,5.055763,-8.577393,-505.5763
19.92027,4.882193,-8.678508,-488.2193
19.94027,4.70667,-8.776152,-470.667
19.96027,4.529264,-8.870285,-452.9265
19.98027,4.350047,-8.960871,-435.0047
20.00027,4.16909,-9.047872,-416.909
20.02027,3.986465,-9.131253,-398.6465
20.04027,3.802245,-9.210982,-380.2245
20.06027,3.616505,-9.287027,-361.6505
20.08027,3.429317,-9.359358,-342.9318
20.10027,3.240759,-9.427944,-324.0759
20.12027,3.050904,-9.49276,-305.0904
20.14027,2.859828,-9.553778,-285.9828
20.16027,2.667608,-9.610974,-266.7609
20.18027,2.474322,-9.664327,-247.4322
20.20027,2.280046,-9.713813,-228.0046
20.22027,2.084857,-9.759414,-208.4857
20.24027,1.888835,-9.801111,-188.8835
20.26027,1.692057,-9.838888,-169.2057
20.28027,1.494603,-9.872729,-149.4603
20.30027,1.29655,-9.902621,-129.655
20.32027,1.097979,-9.928553,-109.7979
20.34027,0.8989691,-9.950512,-89.8969
20.36028,0.6995992,-9.968492,-69.95992
20.38028,0.4999495,-9.982484,-49.99495
20.40028,0.3000998,-9.992483,-30.00998
20.42028,0.1001301,-9.998486,-10.01301
20.44028,-0.09987962,-10.00049,9.987963
20.46028,-0.2998494,-9.99849,29.98494
20.48028,-0.4996993,-9.992494,49.96993
20.50028,-0.6993493,-9.9825,69.93493
20.52028,-0.8987195,-9.968513,89.87196
20.54028,-1.09773,-9.950539,109.773
20.56028,-1.296302,-9.928584,129.6302
20.58028,-1.494355,-9.902658,149.4355
20.60028,-1.69181,-9.872771,169.181
20.62028,-1.888589,-9.838935,188.8589
20.64028,-2.084612,-9.801163,208.4612
20.66028,-2.279802,-9.759471,227.9802
20.68028,-2.474079,-9.713875,247.4079
20.70028,-2.667367,-9.664393,266.7367
20.72028,-2.859588,-9.611046,285.9588
20.74028,-3.050665,-9.553854,305.0665
20.76028,-3.240522,-9.492841,324.0522
20.78028,-3.429082,-9.42803,342.9082
20.80029,-3.616271,-9.359448,361.6271
20.82029,-3.802014,-9.287123,380.2014
20.84029,-3.986235,-9.211082,398.6235
20.86029,-4.168862,-9.131358,416.8862
20.88029,-4.349822,-9.047981,434.9822
20.90029,-4.529042,-8.960985,452.9042
20.92029,-4.70645,-8.870404,470.645
20.94029,-4.881976,-8.776276,488.1976
20.96029,-5.055548,-8.678637,505.5548
20.98029,-5.227098,-8.577525,522.7098
