t,x(t),v(t),p(t),F(t)
0.02,0,0,0,0
0.04,0.0003999999,0.02,0.04,0.9999999
0.06,0.0012,0.04,0.07999999,1.333333
0.08,0.0024,0.05999999,0.12,1.5
0.09999999,0.003999999,0.07999999,0.16,1.6
0.12,0.005999999,0.09999999,0.2,1.666667
0.14,0.008399999,0.12,0.24,1.714286
0.16,0.0112,0.14,0.28,1.75
0.18,0.0144,0.16,0.32,1.777778
0.2,0.018,0.18,0.36,1.8
0.22,0.022,0.2,0.3999999,1.818182
0.24,0.0264,0.22,0.4399999,1.833333
0.26,0.0312,0.24,0.4799999,1.846154
0.28,0.03639999,0.26,0.5199999,1.857143
0.3,0.04199999,0.28,0.5599999,1.866667
0.32,0.04799999,0.3,0.6,1.875
0.34,0.05439999,0.32,0.64,1.882353
0.36,0.06119999,0.34,0.68,1.888889
0.38,0.0684,0.36,0.72,1.894737
0.4,0.076,0.38,0.7600001,1.9
0.42,0.084,0.4,0.8000001,1.904762
0.4400001,0.0924,0.42,0.8400001,1.909091
0.4600001,0.1012,0.4400001,0.8800001,1.913043
0.4800001,0.1104,0.4600001,0.9200001,1.916667
0.5000001,0.12,0.4800001,0.9600002,1.92
0.52,0.13,0.5000001,1,1.923077
0.54,0.1404,0.52,1.04,1.925926
0.56,0.1512,0.54,1.08,1.928571
0.58,0.1624,0.56,1.12,1.931035
0.6,0.174,0.58,1.16,1.933333
0.6199999,0.186,0.6,1.2,1.935484
0.6399999,0.1984,0.6199999,1.24,1.9375
0.6599999,0.2112,0.6399999,1.28,1.939394
0.6799999,0.2244,0.6599999,1.32,1.941177
0.6999999,0.238,0.6799999,1.36,1.942857
0.7199998,0.252,0.6999999,1.4,1.944445
0.7399998,0.2664,0.7199998,1.44,1.945946
0.7599998,0.2812,0.7399998,1.48,1.947369
0.7799998,0.2964,0.7599998,1.52,1.948718
0.7999998,0.3119999,0.7799998,1.56,1.95
0.8199998,0.3279999,0.7999998,1.6,1.95122
0.8399997,0.3443999,0.8199998,1.64,1.952381
0.8599997,0.3611999,0.8399997,1.679999,1.953488
0.8799997,0.3783999,0.8599997,1.719999,1.954545
0.8999997,0.3959999,0.8799997,1.759999,1.955556
0.9199997,0.4139999,0.8999997,1.799999,1.956522
0.9399996,0.4323999,0.9199997,1.839999,1.957447
0.9599996,0.4511999,0.9399996,1.879999,1.958333
0.9799996,0.4703999,0.9599996,1.919999,1.959184
0.9999996,0.4899999,0.9799996,1.959999,1.96
1.02,0.5099999,0.9999996,1.999999,1.960784
1.04,0.5303999,1.02,2.039999,1.961538
1.06,0.5511999,1.04,2.079999,1.962264
1.08,0.5723999,1.06,2.119999,1.962963
1.1,0.5939999,1.08,2.159999,1.963636
1.12,0.6159999,1.1,2.199999,1.964286
1.14,0.6383998,1.12,2.239999,1.964912
1.159999,0.6611998,1.14,2.279999,1.965517
1.179999,0.6843998,1.159999,2.319999,1.966102
1.199999,0.7079998,1.179999,2.359999,1.966667
1.219999,0.7319998,1.199999,2.399999,1.967213
1.239999,0.7563998,1.219999,2.439999,1.967742
1.259999,0.7811998,1.239999,2.479999,1.968254
1.279999,0.8063998,1.259999,2.519999,1.96875
1.299999,0.8319998,1.279999,2.559999,1.969231
1.319999,0.8579997,1.299999,2.599999,1.969697
1.339999,0.8843997,1.319999,2.639999,1.970149
1.359999,0.9111997,1.339999,2.679999,1.970588
1.379999,0.9383997,1.359999,2.719999,1.971014
1.399999,0.9659997,1.379999,2.759999,1.971429
1.419999,0.9939997,1.399999,2.799999,1.971831
1.439999,1.0224,1.419999,2.839998,1.972222
1.459999,1.0512,1.439999,2.879998,1.972603
1.479999,1.0804,1.459999,2.919998,1.972973
1.499999,1.11,1.479999,2.959998,1.973333
1.519999,1.14,1.499999,2.999998,1.973684
1.539999,1.1704,1.519999,3.039998,1.974026
1.559999,1.2012,1.539999,3.079998,1.974359
1.579999,1.2324,1.559999,3.119998,1.974684
1.599999,1.264,1.579999,3.159998,1.975
1.619999,1.296,1.599999,3.199998,1.975309
1.639999,1.3284,1.619999,3.239998,1.97561
1.659999,1.361199,1.639999,3.279998,1.975904
1.679999,1.3944,1.659999,3.319998,1.97619
1.699999,1.427999,1.679999,3.359998,1.976471
1.719999,1.461999,1.699999,3.399998,1.976744
1.739999,1.496399,1.719999,3.439998,1.977012
1.759999,1.531199,1.739999,3.479998,1.977273
1.779999,1.566399,1.759999,3.519998,1.977528
1.799999,1.601999,1.779999,3.559998,1.977778
1.819999,1.637999,1.799999,3.599998,1.978022
1.839999,1.674399,1.819999,3.639998,1.978261
1.859999,1.711199,1.839999,3.679998,1.978495
1.879999,1.748399,1.859999,3.719998,1.978723
1.899999,1.785999,1.879999,3.759998,1.978947
1.919999,1.823999,1.899999,3.799998,1.979167
1.939999,1.862399,1.919999,3.839998,1.979381
1.959999,1.901199,1.939999,3.879997,1.979592
1.979999,1.940399,1.959999,3.919997,1.979798
1.999999,1.979999,1.979999,3.959997,1.98
2.019999,2.019999,1.999999,3.999997,1.980198
2.039999,2.060399,2.019999,4.039998,1.980392
2.059999,2.100799,2.019999,4.039998,1.961165
2.079999,2.141199,2.019999,4.039998,1.942308
2.099999,2.181599,2.019999,4.039998,1.92381
2.119999,2.221999,2.019999,4.039998,1.90566
2.139999,2.262399,2.019999,4.039998,1.887851
2.159999,2.302799,2.019999,4.039998,1.87037
2.179999,2.343199,2.019999,4.039998,1.853211
2.199999,2.383599,2.019999,4.039998,1.836364
2.219999,2.423999,2.019999,4.039998,1.81982
2.239999,2.464399,2.019999,4.039998,1.803571
2.259999,2.504799,2.019999,4.039998,1.787611
2.279999,2.545199,2.019999,4.039998,1.77193
2.299999,2.585599,2.019999,4.039998,1.756522
2.319999,2.625999,2.019999,4.039998,1.741379
2.339998,2.666399,2.019999,4.039998,1.726496
2.359998,2.7068,2.019999,4.039998,1.711864
2.379998,2.7472,2.019999,4.039998,1.697479
2.399998,2.7876,2.019999,4.039998,1.683333
2.419998,2.828,2.019999,4.039998,1.669422
2.439998,2.8684,2.019999,4.039998,1.655738
2.459998,2.9088,2.019999,4.039998,1.642277
2.479998,2.9492,2.019999,4.039998,1.629032
2.499998,2.9896,2.019999,4.039998,1.616
2.519998,3.03,2.019999,4.039998,1.603175
2.539998,3.0704,2.019999,4.039998,1.590551
2.559998,3.1108,2.019999,4.039998,1.578125
2.579998,3.1512,2.019999,4.039998,1.565892
2.599998,3.1916,2.019999,4.039998,1.553846
2.619998,3.232,2.019999,4.039998,1.541985
2.639998,3.2724,2.019999,4.039998,1.530303
2.659998,3.3128,2.019999,4.039998,1.518797
2.679998,3.3532,2.019999,4.039998,1.507463
2.699998,3.3936,2.019999,4.039998,1.496296
2.719998,3.434,2.019999,4.039998,1.485294
2.739998,3.4744,2.019999,4.039998,1.474453
2.759998,3.5148,2.019999,4.039998,1.463768
2.779998,3.5552,2.019999,4.039998,1.453238
2.799998,3.5956,2.019999,4.039998,1.442857
2.819998,3.636,2.019999,4.039998,1.432624
2.839998,3.6764,2.019999,4.039998,1.422535
2.859998,3.7168,2.019999,4.039998,1.412588
2.879998,3.7572,2.019999,4.039998,1.402778
2.899998,3.7976,2.019999,4.039998,1.393104
2.919998,3.838,2.019999,4.039998,1.383562
2.939998,3.8784,2.019999,4.039998,1.37415
2.959998,3.9188,2.019999,4.039998,1.364865
2.979998,3.9592,2.019999,4.039998,1.355705
2.999998,3.9996,2.019999,4.039998,1.346667
3.019998,4.04,2.019999,4.039998,1.337749
3.039998,4.0804,2.019999,4.039998,1.328948
3.059998,4.1208,2.019999,4.039998,1.320262
3.079998,4.161201,2.019999,4.039998,1.311688
3.099998,4.201601,2.019999,4.039998,1.303226
3.119998,4.242001,2.019999,4.039998,1.294872
3.139998,4.282401,2.019999,4.039998,1.286624
3.159998,4.322801,2.019999,4.039998,1.278481
3.179998,4.363201,2.019999,4.039998,1.27044
3.199998,4.403601,2.019999,4.039998,1.2625
3.219998,4.444001,2.019999,4.039998,1.254659
3.239998,4.484401,2.019999,4.039998,1.246914
3.259998,4.524801,2.019999,4.039998,1.239264
3.279998,4.565201,2.019999,4.039998,1.231707
3.299998,4.605601,2.019999,4.039998,1.224243
3.319998,4.646001,2.019999,4.039998,1.216868
3.339998,4.686401,2.019999,4.039998,1.209581
3.359998,4.726801,2.019999,4.039998,1.202381
3.379997,4.767201,2.019999,4.039998,1.195266
3.399997,4.807601,2.019999,4.039998,1.188236
3.419997,4.848001,2.019999,4.039998,1.181287
3.439997,4.888401,2.019999,4.039998,1.174419
3.459997,4.928801,2.019999,4.039998,1.16763
3.479997,4.969201,2.019999,4.039998,1.16092
3.499997,5.009601,2.019999,4.039998,1.154286
3.519997,5.050001,2.019999,4.039998,1.147727
3.539997,5.090401,2.019999,4.039998,1.141243
3.559997,5.130801,2.019999,4.039998,1.134832
3.579997,5.171201,2.019999,4.039998,1.128492
3.599997,5.211601,2.019999,4.039998,1.122222
3.619997,5.252001,2.019999,4.039998,1.116022
3.639997,5.292401,2.019999,4.039998,1.10989
3.659997,5.332801,2.019999,4.039998,1.103825
3.679997,5.373201,2.019999,4.039998,1.097826
3.699997,5.413601,2.019999,4.039998,1.091892
3.719997,5.454001,2.019999,4.039998,1.086022
3.739997,5.494401,2.019999,4.039998,1.080214
3.759997,5.534801,2.019999,4.039998,1.074468
3.779997,5.575202,2.019999,4.039998,1.068783
3.799997,5.615602,2.019999,4.039998,1.063158
3.819997,5.656002,2.019999,4.039998,1.057592
3.839997,5.696402,2.019999,4.039998,1.052083
3.859997,5.736802,2.019999,4.039998,1.046632
3.879997,5.777202,2.019999,4.039998,1.041237
3.899997,5.817602,2.019999,4.039998,1.035898
3.919997,5.858002,2.019999,4.039998,1.030612
3.939997,5.898402,2.019999,4.039998,1.025381
3.959997,5.938802,2.019999,4.039998,1.020202
3.979997,5.979202,2.019999,4.039998,1.015076
3.999997,6.019602,2.019999,4.039998,1.01
4.019997,6.060002,2.019999,4.039998,1.004975
4.039997,6.100402,2.019999,4.039998,1
4.059997,6.140802,2.019999,4.039998,0.995074
4.079997,6.181202,2.019999,4.039998,0.9901962
4.099997,6.221602,2.019999,4.039998,0.985366
4.119997,6.262002,2.019999,4.039998,0.9805827
4.139997,6.302402,2.019999,4.039998,0.9758455
4.159997,6.342802,2.019999,4.039998,0.971154
4.179997,6.383202,2.019999,4.039998,0.9665073
4.199997,6.423602,2.019999,4.039998,0.9619049
4.219997,6.464002,2.019999,4.039998,0.9573461
4.239997,6.504402,2.019999,4.039998,0.9528303
4.259997,6.544802,2.019999,4.039998,0.9483569
4.279997,6.585202,2.019999,4.039998,0.9439254
4.299997,6.625602,2.019999,4.039998,0.939535
4.319997,6.666002,2.019999,4.039998,0.9351853
4.339997,6.706402,2.019999,4.039998,0.9308757
4.359997,6.746802,2.019999,4.039998,0.9266056
4.379997,6.787202,2.019999,4.039998,0.9223745
4.399997,6.827602,2.019999,4.039998,0.918182
4.419997,6.868002,2.019999,4.039998,0.9140273
4.439997,6.908402,2.019999,4.039998,0.90991
4.459997,6.948802,2.019999,4.039998,0.9058297
4.479997,6.989202,2.019999,4.039998,0.9017859
4.499997,7.029603,2.019999,4.039998,0.8977779
4.519997,7.070003,2.019999,4.039998,0.8938054
4.539997,7.110403,2.019999,4.039998,0.889868
4.559997,7.150803,2.019999,4.039998,0.885965
4.579997,7.191203,2.019999,4.039998,0.8820962
4.599997,7.231603,2.019999,4.039998,0.878261
4.619997,7.272003,2.019999,4.039998,0.874459
4.639997,7.312403,2.019999,4.039998,0.8706898
4.659997,7.352803,2.019999,4.039998,0.8669529
4.679996,7.393203,2.019999,4.039998,0.863248
4.699996,7.433603,2.019999,4.039998,0.8595746
4.719996,7.474003,2.019999,4.039998,0.8559324
4.739996,7.514403,2.019999,4.039998,0.8523208
4.759996,7.554803,2.019999,4.039998,0.8487396
4.779996,7.595203,2.019999,4.039998,0.8451884
4.799996,7.635603,2.019999,4.039998,0.8416668
4.819996,7.676003,2.019999,4.039998,0.8381744
4.839996,7.716403,2.019999,4.039998,0.8347109
4.859996,7.756803,2.019999,4.039998,0.8312759
4.879996,7.797203,2.019999,4.039998,0.827869
4.899996,7.837603,2.019999,4.039998,0.82449
4.919996,7.878003,2.019999,4.039998,0.8211383
4.939996,7.918403,2.019999,4.039998,0.8178139
4.959996,7.958803,2.019999,4.039998,0.8145162
4.979996,7.999203,2.019999,4.039998,0.8112451
4.999996,8.039603,2.019999,4.039998,0.8080001
5.019996,8.080003,2.019999,4.039998,0.804781
5.039996,8.120402,2.019999,4.039998,0.8015875
5.059996,8.160802,2.019999,4.039998,0.7984191
5.079996,8.201201,2.019999,4.039998,0.7952757
5.099996,8.241601,2.019999,4.039998,0.792157
5.119996,8.282001,2.019999,4.039998,0.7890626
5.139996,8.3224,2.019999,4.039998,0.7859923
5.159996,8.3628,2.019999,4.039998,0.7829459
5.179996,8.403199,2.019999,4.039998,0.7799229
5.199996,8.443599,2.019999,4.039998,0.7769232
5.219996,8.483998,2.019999,4.039998,0.7739465
5.239996,8.524398,2.019999,4.039998,0.7709925
5.259996,8.564797,2.019999,4.039998,0.768061
5.279996,8.605197,2.019999,4.039998,0.7651516
5.299996,8.645597,2.019999,4.039998,0.7622643
5.319996,8.685996,2.019999,4.039998,0.7593986
5.339996,8.726396,2.019999,4.039998,0.7565544
5.359996,8.766795,2.019999,4.039998,0.7537315
5.379996,8.807195,2.019999,4.039998,0.7509295
5.399996,8.847594,2.019999,4.039998,0.7481483
5.419996,8.887994,2.019999,4.039998,0.7453876
5.439996,8.928393,2.019999,4.039998,0.7426472
5.459996,8.968793,2.019999,4.039998,0.7399269
5.479996,9.009192,2.019999,4.039998,0.7372264
5.499996,9.049592,2.019999,4.039998,0.7345456
5.519996,9.089992,2.019999,4.039998,0.7318842
5.539996,9.130391,2.019999,4.039998,0.729242
5.559996,9.170791,2.019999,4.039998,0.7266188
5.579996,9.21119,2.019999,4.039998,0.7240145
5.599996,9.25159,2.019999,4.039998,0.7214287
5.619996,9.291989,2.019999,4.039998,0.7188613
5.639996,9.332389,2.019999,4.039998,0.7163122
5.659996,9.372788,2.019999,4.039998,0.7137811
5.679996,9.413188,2.019999,4.039998,0.7112677
5.699996,9.453588,2.019999,4.039998,0.7087721
5.719995,9.493987,2.019999,4.039998,0.7062938
5.739995,9.534387,2.019999,4.039998,0.7038329
5.759995,9.574786,2.019999,4.039998,0.701389
5.779995,9.615186,2.019999,4.039998,0.6989621
5.799995,9.655585,2.019999,4.039998,0.6965519
5.819995,9.695985,2.019999,4.039998,0.6941582
5.839995,9.736384,2.019999,4.039998,0.6917809
5.859995,9.776784,2.019999,4.039998,0.6894199
5.879995,9.817183,2.019999,4.039998,0.687075
5.899995,9.857583,2.019999,4.039998,0.6847459
5.919995,9.897983,2.019999,4.039998,0.6824326
5.939995,9.938382,2.019999,4.039998,0.6801348
5.959995,9.978782,2.019999,4.039998,0.6778525
5.979995,10.01918,2.019999,4.039998,0.6755854
5.999995,10.05958,2.019999,4.039998,0.6733335
6.019995,10.09998,2.019999,4.039998,0.6710965
6.039995,10.14038,2.019999,4.039998,0.6688743
6.059995,10.18078,2.019999,4.039998,0.6666668
6.079995,10.22118,2.019999,4.039998,0.6644738
6.099995,10.26158,2.019999,4.039998,0.6622952
6.119995,10.30198,2.019999,4.039998,0.6601309
6.139995,10.34238,2.019999,4.039998,0.6579806
6.159995,10.38278,2.019999,4.039998,0.6558443
6.179995,10.42318,2.019999,4.039998,0.6537218
6.199995,10.46358,2.019999,4.039998,0.6516131
6.219995,10.50398,2.019999,4.039998,0.6495178
6.239995,10.54438,2.019999,4.039998,0.647436
6.259995,10.58477,2.019999,4.039998,0.6453676
6.279995,10.62517,2.019999,4.039998,0.6433122
6.299995,10.66557,2.019999,4.039998,0.64127
6.319995,10.70597,2.019999,4.039998,0.6392406
6.339995,10.74637,2.019999,4.039998,0.6372241
6.359995,10.78677,2.019999,4.039998,0.6352202
6.379995,10.82717,2.019999,4.039998,0.633229
6.399995,10.86757,2.019999,4.039998,0.6312501
6.419995,10.90797,2.019999,4.039998,0.6292836
6.439995,10.94837,2.019999,4.039998,0.6273293
6.459995,10.98877,2.019999,4.039998,0.6253871
6.479995,11.02917,2.019999,4.039998,0.6234569
6.499995,11.06957,2.019999,4.039998,0.6215386
6.519995,11.10997,2.019999,4.039998,0.619632
6.539995,11.15037,2.019999,4.039998,0.6177371
6.559995,11.19077,2.019999,4.039998,0.6158538
6.579995,11.23117,2.019999,4.039998,0.6139819
6.599995,11.27157,2.019999,4.039998,0.6121213
6.619995,11.31197,2.019999,4.039998,0.610272
6.639995,11.35237,2.019999,4.039998,0.6084338
6.659995,11.39277,2.019999,4.039998,0.6066067
6.679995,11.43317,2.019999,4.039998,0.6047906
6.699995,11.47357,2.019999,4.039998,0.6029852
6.719995,11.51396,2.019999,4.039998,0.6011906
6.739995,11.55436,2.019999,4.039998,0.5994067
6.759995,11.59476,2.019999,4.039998,0.5976332
6.779994,11.63516,2.019999,4.039998,0.5958703
6.799994,11.67556,2.019999,4.039998,0.5941178
6.819994,11.71596,2.019999,4.039998,0.5923755
6.839994,11.75636,2.019999,4.039998,0.5906434
6.859994,11.79676,2.019999,4.039998,0.5889214
6.879994,11.83716,2.019999,4.039998,0.5872094
6.899994,11.87756,2.019999,4.039998,0.5855074
6.919994,11.91796,2.019999,4.039998,0.5838152
6.939994,11.95836,2.019999,4.039998,0.5821327
6.959994,11.99876,2.019999,4.039998,0.5804599
6.979994,12.03916,2.019999,4.039998,0.5787967
6.999994,12.07956,2.019999,4.039998,0.577143
7.019994,12.11996,2.019999,4.039998,0.5754987
7.039994,12.16036,2.019999,4.039998,0.5738637
7.059994,12.20076,2.019999,4.039998,0.5722381
7.079994,12.24116,2.019999,4.039998,0.5706216
7.099994,12.28156,2.019999,4.039998,0.5690142
7.119994,12.32196,2.019999,4.039998,0.5674158
7.139994,12.36236,2.019999,4.039998,0.5658265
7.159994,12.40275,2.019999,4.039998,0.5642459
7.179994,12.44315,2.019999,4.039998,0.5626742
7.199994,12.48355,2.019999,4.039998,0.5611112
7.219994,12.52395,2.019999,4.039998,0.5595569
7.239994,12.56435,2.019999,4.039998,0.5580112
7.259994,12.60475,2.019999,4.039998,0.556474
7.279994,12.64515,2.019999,4.039998,0.5549452
7.299994,12.68555,2.019999,4.039998,0.5534248
7.319994,12.72595,2.019999,4.039998,0.5519127
7.339994,12.76635,2.019999,4.039998,0.5504088
7.359994,12.80675,2.019999,4.039998,0.5489132
7.379994,12.84715,2.019999,4.039998,0.5474256
7.399994,12.88755,2.019999,4.039998,0.5459461
7.419994,12.92795,2.019999,4.039998,0.5444745
7.439994,12.96835,2.019999,4.039998,0.5430109
7.459994,13.00875,2.019999,4.039998,0.5415551
7.479994,13.04915,2.019999,4.039998,0.5401071
7.499994,13.08955,2.019999,4.039998,0.5386668
7.519994,13.12995,2.019999,4.039998,0.5372342
7.539994,13.17035,2.019999,4.039998,0.5358092
7.559994,13.21075,2.019999,4.039998,0.5343916
7.579994,13.25115,2.019999,4.039998,0.5329816
7.599994,13.29154,2.019999,4.039998,0.5315791
7.619994,13.33194,2.019999,4.039998,0.5301839
7.639994,13.37234,2.019999,4.039998,0.528796
7.659994,13.41274,2.019999,4.039998,0.5274153
7.679994,13.45314,2.019999,4.039998,0.5260418
7.699994,13.49354,2.019999,4.039998,0.5246754
7.719994,13.53394,2.019999,4.039998,0.5233162
7.739994,13.57434,2.019999,4.039998,0.521964
7.759994,13.61474,2.019999,4.039998,0.5206187
7.779994,13.65514,2.019999,4.039998,0.5192803
7.799994,13.69554,2.019999,4.039998,0.5179489
7.819993,13.73594,2.019999,4.039998,0.5166242
7.839993,13.77634,2.019999,4.039998,0.5153062
7.859993,13.81674,2.019999,4.039998,0.5139951
7.879993,13.85714,2.019999,4.039998,0.5126905
7.899993,13.89754,2.019999,4.039998,0.5113925
7.919993,13.93794,2.019999,4.039998,0.5101011
7.939993,13.97834,2.019999,4.039998,0.5088162
7.959993,14.01874,2.019999,4.039998,0.5075378
7.979993,14.05914,2.019999,4.039998,0.5062658
7.999993,14.09954,2.019999,4.039998,0.5050001
8.019994,14.13994,2.019999,4.039998,0.5037407
8.039994,14.18034,2.019999,4.039998,0.5024876
8.059995,14.22073,2.019999,4.039998,0.5012407
8.079995,14.26113,2.019999,4.039998,0.5
8.099996,14.30153,2.019999,4.039998,0.4987654
8.119996,14.34193,2.019999,4.039998,0.4975369
8.139997,14.38233,2.019999,4.039998,0.4963144
8.159997,14.42273,2.019999,4.039998,0.4950979
8.179997,14.46313,2.019999,4.039998,0.4938874
8.199998,14.50353,2.019999,4.039998,0.4926828
8.219998,14.54393,2.019999,4.039998,0.491484
8.239999,14.58433,2.019999,4.039998,0.490291
8.259999,14.62473,2.019999,4.039998,0.4891039
8.28,14.66513,2.019999,4.039998,0.4879224
8.3,14.70553,2.019999,4.039998,0.4867467
8.320001,14.74593,2.019999,4.039998,0.4855766
8.340001,14.78633,2.019999,4.039998,0.4844121
8.360002,14.82673,2.019999,4.039998,0.4832532
8.380002,14.86713,2.019999,4.039998,0.4820998
8.400002,14.90753,2.019999,4.039998,0.480952
8.420003,14.94793,2.019999,4.039998,0.4798095
8.440003,14.98833,2.019999,4.039998,0.4786725
8.460004,15.02873,2.019999,4.039998,0.4775409
8.480004,15.06913,2.019999,4.039998,0.4764146
8.500005,15.10952,2.019999,4.039998,0.4752936
8.520005,15.14992,2.019999,4.039998,0.4741778
8.540006,15.19032,2.019999,4.039998,0.4730673
8.560006,15.23072,2.019999,4.039998,0.471962
8.580007,15.27112,2.019999,4.039998,0.4708618
8.600007,15.31152,2.019999,4.039998,0.4697668
8.620008,15.35192,2.019999,4.039998,0.4686768
8.640008,15.39232,2.019999,4.039998,0.4675919
8.660008,15.43272,2.019999,4.039998,0.466512
8.680009,15.47312,2.019999,4.039998,0.465437
8.700009,15.51352,2.019999,4.039998,0.464367
8.72001,15.55392,2.019999,4.039998,0.463302
8.74001,15.59432,2.019999,4.039998,0.4622417
8.760011,15.63472,2.019999,4.039998,0.4611864
8.780011,15.67512,2.019999,4.039998,0.4601358
8.800012,15.71552,2.019999,4.039998,0.45909
8.820012,15.75592,2.019999,4.039998,0.458049
8.840013,15.79632,2.019999,4.039998,0.4570127
8.860013,15.83672,2.019999,4.039998,0.455981
8.880013,15.87712,2.019999,4.039998,0.454954
8.900014,15.91752,2.019999,4.039998,0.4539316
8.920014,15.95792,2.019999,4.039998,0.4529138
8.940015,15.99831,2.019999,4.039998,0.4519005
8.960015,16.03872,2.019999,4.039998,0.4508918
8.980016,16.07911,2.019999,4.039998,0.4498876
9.000016,16.11951,2.019999,4.039998,0.4488878
9.020017,16.15991,2.019999,4.039998,0.4478925
9.040017,16.20031,2.019999,4.039998,0.4469015
9.060018,16.24071,2.019999,4.039998,0.445915
9.080018,16.28111,2.019999,4.039998,0.4449328
9.100019,16.32151,2.019999,4.039998,0.4439549
9.120019,16.36191,2.019999,4.039998,0.4429813
9.140019,16.40231,2.019999,4.039998,0.4420119
9.16002,16.44271,2.019999,4.039998,0.4410468
9.18002,16.48311,2.019999,4.039998,0.4400859
9.200021,16.52351,2.019999,4.039998,0.4391292
9.220021,16.56391,1.969999,3.939998,0.4273306
9.240022,16.60331,1.919999,3.839998,0.4155832
9.260022,16.64171,1.869999,3.739998,0.4038865
9.280023,16.67911,1.819999,3.639998,0.3922402
9.300023,16.71551,1.769999,3.539998,0.380644
9.320024,16.75091,1.719999,3.439998,0.3690976
9.340024,16.78531,1.669999,3.339998,0.3576006
9.360024,16.81871,1.619999,3.239998,0.3461528
9.380025,16.85111,1.569999,3.139998,0.3347538
9.400025,16.88251,1.519999,3.039999,0.3234032
9.420026,16.91291,1.469999,2.939999,0.3121009
9.440026,16.94231,1.419999,2.839999,0.3008465
9.460027,16.97071,1.369999,2.739999,0.2896397
9.480027,16.99811,1.319999,2.639999,0.2784801
9.500028,17.02451,1.27,2.539999,0.2673675
9.520028,17.04991,1.22,2.439999,0.2563017
9.540029,17.07431,1.17,2.339999,0.2452822
9.560029,17.09771,1.12,2.239999,0.2343088
9.580029,17.12011,1.07,2.139999,0.2233813
9.60003,17.14151,1.02,2.039999,0.2124993
9.62003,17.16191,0.9699997,1.939999,0.2016625
9.640031,17.18131,0.9199997,1.839999,0.1908707
9.660031,17.19971,0.8699997,1.739999,0.1801236
9.680032,17.21711,0.8199997,1.639999,0.1694209
9.700032,17.23351,0.7699997,1.539999,0.1587623
9.720033,17.24891,0.7199997,1.439999,0.1481476
9.740033,17.26331,0.6699997,1.339999,0.1375765
9.760034,17.27671,0.6199996,1.239999,0.1270487
9.780034,17.28911,0.5699996,1.139999,0.1165639
9.800035,17.30051,0.5199996,1.039999,0.106122
9.820035,17.31091,0.4699996,0.9399992,0.09572259
9.840035,17.32031,0.4199996,0.8399992,0.08536547
9.860036,17.32871,0.3699996,0.7399992,0.07505035
9.880036,17.33611,0.3199996,0.6399992,0.064777
9.900037,17.34251,0.2699996,0.5399991,0.05454516
9.920037,17.34791,0.2199996,0.4399991,0.04435458
9.940038,17.35231,0.1699996,0.3399991,0.03420502
9.960038,17.35571,0.1199996,0.2399991,0.02409621
9.980039,17.35811,0.06999958,0.1399992,0.01402792
10.00004,17.35951,0.01999958,0.03999916,0.003999901
10.02004,17.35991,-0.03000041,-0.06000083,-0.005988083
10.04004,17.35931,-0.08000041,-0.1600008,-0.01593627
10.06004,17.35771,-0.1300004,-0.2600008,-0.02584491
10.08004,17.35511,-0.1800004,-0.3600008,-0.03571422
10.10004,17.35151,-0.2300004,-0.4600008,-0.04554445
10.12004,17.34691,-0.2800004,-0.5600008,-0.05533582
10.14004,17.34131,-0.3300004,-0.6600008,-0.06508856
10.16004,17.33471,-0.3800004,-0.7600008,-0.07480291
10.18004,17.32711,-0.4300004,-0.8600008,-0.08447909
10.20004,17.31851,-0.4800004,-0.9600009,-0.09411733
10.22004,17.30891,-0.5300004,-1.060001,-0.1037178
10.24004,17.29831,-0.5800005,-1.160001,-0.1132808
10.26005,17.28671,-0.6300005,-1.260001,-0.1228066
10.28005,17.27411,-0.6800005,-1.360001,-0.1322952
10.30005,17.26051,-0.7300005,-1.460001,-0.141747
10.32005,17.24591,-0.7800005,-1.560001,-0.1511622
10.34005,17.23031,-0.8300005,-1.660001,-0.160541
10.36005,17.21371,-0.8800005,-1.760001,-0.1698835
10.38005,17.19611,-0.9300005,-1.860001,-0.17919
10.40005,17.17751,-0.9800006,-1.960001,-0.1884608
10.42005,17.15791,-1.030001,-2.060001,-0.1976959
10.44005,17.13731,-1.080001,-2.160001,-0.2068957
10.46005,17.11571,-1.13,-2.260001,-0.2160603
10.48005,17.09311,-1.18,-2.360001,-0.2251898
10.50005,17.06951,-1.23,-2.460001,-0.2342847
10.52005,17.04491,-1.28,-2.560001,-0.2433449
10.54005,17.01931,-1.33,-2.660001,-0.2523707
10.56005,16.99271,-1.38,-2.76,-0.2613624
10.58005,16.96511,-1.43,-2.86,-0.2703201
10.60005,16.93651,-1.48,-2.96,-0.2792439
10.62005,16.90691,-1.53,-3.06,-0.2881342
10.64005,16.87631,-1.58,-3.16,-0.296991
10.66005,16.84471,-1.63,-3.26,-0.3058146
10.68005,16.81211,-1.68,-3.36,-0.3146051
10.70006,16.77851,-1.73,-3.46,-0.3233628
10.72006,16.74391,-1.78,-3.56,-0.3320878
10.74006,16.70831,-1.83,-3.66,-0.3407803
10.76006,16.67171,-1.88,-3.76,-0.3494405
10.78006,16.63411,-1.93,-3.859999,-0.3580686
10.80006,16.59551,-1.98,-3.959999,-0.3666646
10.82006,16.55591,-2.03,-4.059999,-0.375229
10.84006,16.51531,-2.08,-4.159999,-0.3837617
10.86006,16.47371,-2.13,-4.259999,-0.392263
10.88006,16.43111,-2.13,-4.259999,-0.3915419
10.90006,16.38851,-2.13,-4.259999,-0.3908235
10.92006,16.34591,-2.13,-4.259999,-0.3901077
10.94006,16.3033,-2.13,-4.259999,-0.3893945
10.96006,16.2607,-2.13,-4.259999,-0.3886839
10.98006,16.2181,-2.13,-4.259999,-0.3879759
11.00006,16.1755,-2.13,-4.259999,-0.3872705
11.02006,16.1329,-2.13,-4.259999,-0.3865676
11.04006,16.0903,-2.13,-4.259999,-0.3858673
11.06006,16.0477,-2.13,-4.259999,-0.3851695
11.08006,16.0051,-2.13,-4.259999,-0.3844742
11.10006,15.9625,-2.13,-4.259999,-0.3837815
11.12006,15.9199,-2.13,-4.259999,-0.3830912
11.14007,15.8773,-2.13,-4.259999,-0.3824034
11.16007,15.8347,-2.13,-4.259999,-0.3817181
11.18007,15.7921,-2.13,-4.259999,-0.3810352
11.20007,15.7495,-2.13,-4.259999,-0.3803548
11.22007,15.7069,-2.13,-4.259999,-0.3796768
11.24007,15.6643,-2.13,-4.259999,-0.3790012
11.26007,15.6217,-2.13,-4.259999,-0.378328
11.28007,15.5791,-2.13,-4.259999,-0.3776572
11.30007,15.5365,-2.13,-4.259999,-0.3769888
11.32007,15.4939,-2.13,-4.259999,-0.3763227
11.34007,15.4513,-2.13,-4.259999,-0.375659
11.36007,15.4087,-2.13,-4.259999,-0.3749976
11.38007,15.36611,-2.13,-4.259999,-0.3743386
11.40007,15.32351,-2.13,-4.259999,-0.3736818
11.42007,15.28091,-2.13,-4.259999,-0.3730274
11.44007,15.23831,-2.13,-4.259999,-0.3723752
11.46007,15.19571,-2.13,-4.259999,-0.3717253
11.48007,15.15311,-2.13,-4.259999,-0.3710777
11.50007,15.11051,-2.13,-4.259999,-0.3704323
11.52007,15.06791,-2.13,-4.259999,-0.3697892
11.54007,15.02531,-2.13,-4.259999,-0.3691483
11.56007,14.98271,-2.13,-4.259999,-0.3685097
11.58008,14.94011,-2.13,-4.259999,-0.3678732
11.60008,14.89751,-2.13,-4.259999,-0.3672389
11.62008,14.85491,-2.13,-4.259999,-0.3666068
11.64008,14.81231,-2.13,-4.259999,-0.3659769
11.66008,14.76971,-2.13,-4.259999,-0.3653491
11.68008,14.72711,-2.13,-4.259999,-0.3647235
11.70008,14.68451,-2.13,-4.259999,-0.3641001
11.72008,14.64191,-2.13,-4.259999,-0.3634787
11.74008,14.59931,-2.13,-4.259999,-0.3628595
11.76008,14.55671,-2.13,-4.259999,-0.3622424
11.78008,14.51411,-2.13,-4.259999,-0.3616274
11.80008,14.47151,-2.13,-4.259999,-0.3610144
11.82008,14.42891,-2.13,-4.259999,-0.3604036
11.84008,14.38631,-2.13,-4.259999,-0.3597948
11.86008,14.34371,-2.13,-4.259999,-0.359188
11.88008,14.30111,-2.13,-4.259999,-0.3585833
11.90008,14.25851,-2.13,-4.259999,-0.3579806
11.92008,14.21591,-2.13,-4.259999,-0.35738
11.94008,14.17331,-2.13,-4.259999,-0.3567814
11.96008,14.13071,-2.13,-4.259999,-0.3561847
11.98008,14.08811,-2.13,-4.259999,-0.3555901
12.00008,14.04552,-2.13,-4.259999,-0.3549974
12.02009,14.00292,-2.13,-4.259999,-0.3544067
12.04009,13.96032,-2.13,-4.259999,-0.353818
12.06009,13.91772,-2.13,-4.259999,-0.3532313
12.08009,13.87512,-2.13,-4.259999,-0.3526464
12.10009,13.83252,-2.13,-4.259999,-0.3520635
12.12009,13.78992,-2.13,-4.259999,-0.3514825
12.14009,13.74732,-2.13,-4.259999,-0.3509035
12.16009,13.70472,-2.13,-4.259999,-0.3503263
12.18009,13.66212,-2.13,-4.259999,-0.3497511
12.20009,13.61952,-2.13,-4.259999,-0.3491777
12.22009,13.57692,-2.13,-4.259999,-0.3486062
12.24009,13.53432,-2.13,-4.259999,-0.3480366
12.26009,13.49172,-2.13,-4.259999,-0.3474688
12.28009,13.44912,-2.13,-4.259999,-0.3469029
12.30009,13.40652,-2.13,-4.259999,-0.3463388
12.32009,13.36392,-2.13,-4.259999,-0.3457766
12.34009,13.32132,-2.13,-4.259999,-0.3452162
12.36009,13.27872,-2.13,-4.259999,-0.3446575
12.38009,13.23612,-2.13,-4.259999,-0.3441007
12.40009,13.19352,-2.13,-4.259999,-0.3435457
12.42009,13.15092,-2.13,-4.259999,-0.3429925
12.44009,13.10832,-2.13,-4.259999,-0.3424411
12.4601,13.06572,-2.13,-4.259999,-0.3418914
12.4801,13.02312,-2.13,-4.259999,-0.3413435
12.5001,12.98052,-2.13,-4.259999,-0.3407973
12.5201,12.93792,-2.13,-4.259999,-0.3402529
12.5401,12.89532,-2.13,-4.259999,-0.3397102
12.5601,12.85272,-2.13,-4.259999,-0.3391693
12.5801,12.81012,-2.13,-4.259999,-0.3386301
12.6001,12.76752,-2.13,-4.259999,-0.3380925
12.6201,12.72493,-2.13,-4.259999,-0.3375567
12.6401,12.68233,-2.13,-4.259999,-0.3370226
12.6601,12.63973,-2.13,-4.259999,-0.3364902
12.6801,12.59713,-2.13,-4.259999,-0.3359594
12.7001,12.55453,-2.13,-4.259999,-0.3354304
12.7201,12.51193,-2.13,-4.259999,-0.3349029
12.7401,12.46933,-2.13,-4.259999,-0.3343772
12.7601,12.42673,-2.13,-4.259999,-0.3338531
12.7801,12.38413,-2.13,-4.259999,-0.3333306
12.8001,12.34153,-2.13,-4.259999,-0.3328097
12.8201,12.29893,-2.13,-4.259999,-0.3322906
12.8401,12.25633,-2.13,-4.259999,-0.331773
12.8601,12.21373,-2.13,-4.259999,-0.331257
12.88011,12.17113,-2.13,-4.259999,-0.3307426
12.90011,12.12853,-2.13,-4.259999,-0.3302298
12.92011,12.08593,-2.13,-4.259999,-0.3297186
12.94011,12.04333,-2.13,-4.259999,-0.329209
12.96011,12.00073,-2.13,-4.259999,-0.3287009
12.98011,11.95813,-2.13,-4.259999,-0.3281945
13.00011,11.91553,-2.13,-4.259999,-0.3276895
13.02011,11.87293,-2.13,-4.259999,-0.3271862
13.04011,11.83033,-2.13,-4.259999,-0.3266843
13.06011,11.78773,-2.13,-4.259999,-0.326184
13.08011,11.74513,-2.13,-4.259999,-0.3256853
13.10011,11.70253,-2.13,-4.259999,-0.325188
13.12011,11.65993,-2.13,-4.259999,-0.3246923
13.14011,11.61733,-2.13,-4.259999,-0.3241981
13.16011,11.57473,-2.13,-4.259999,-0.3237054
13.18011,11.53213,-2.13,-4.259999,-0.3232142
13.20011,11.48953,-2.13,-4.259999,-0.3227245
13.22011,11.44693,-2.13,-4.259999,-0.3222362
13.24011,11.40434,-2.13,-4.259999,-0.3217494
13.26011,11.36174,-2.13,-4.259999,-0.3212641
13.28011,11.31914,-2.13,-4.259999,-0.3207803
13.30011,11.27654,-2.13,-4.259999,-0.3202979
13.32012,11.23394,-2.13,-4.259999,-0.319817
13.34012,11.19134,-2.13,-4.259999,-0.3193375
13.36012,11.14874,-2.13,-4.259999,-0.3188595
13.38012,11.10614,-2.13,-4.259999,-0.3183828
13.40012,11.06354,-2.13,-4.259999,-0.3179076
13.42012,11.02094,-2.13,-4.259999,-0.3174338
13.44012,10.97834,-2.13,-4.259999,-0.3169615
13.46012,10.93574,-2.13,-4.259999,-0.3164905
13.48012,10.89314,-2.13,-4.259999,-0.3160209
13.50012,10.85054,-2.13,-4.259999,-0.3155527
13.52012,10.80794,-2.13,-4.259999,-0.3150859
13.54012,10.76534,-2.13,-4.259999,-0.3146205
13.56012,10.72274,-2.13,-4.259999,-0.3141564
13.58012,10.68014,-2.13,-4.259999,-0.3136938
13.60012,10.63754,-2.13,-4.259999,-0.3132325
13.62012,10.59494,-2.13,-4.259999,-0.3127725
13.64012,10.55234,-2.13,-4.259999,-0.3123139
13.66012,10.50974,-2.13,-4.259999,-0.3118566
13.68012,10.46714,-2.13,-4.259999,-0.3114007
13.70012,10.42454,-2.13,-4.259999,-0.310946
13.72012,10.38194,-2.13,-4.259999,-0.3104928
13.74012,10.33934,-2.13,-4.259999,-0.3100408
13.76013,10.29674,-2.13,-4.259999,-0.3095902
13.78013,10.25414,-2.13,-4.259999,-0.3091408
13.80013,10.21154,-2.13,-4.259999,-0.3086928
13.82013,10.16894,-2.13,-4.259999,-0.308246
13.84013,10.12634,-2.13,-4.259999,-0.3078006
13.86013,10.08375,-2.13,-4.259999,-0.3073564
13.88013,10.04115,-2.13,-4.259999,-0.3069136
13.90013,9.998546,-2.13,-4.259999,-0.3064719
13.92013,9.955946,-2.13,-4.259999,-0.3060316
13.94013,9.913346,-2.13,-4.259999,-0.3055925
13.96013,9.870747,-2.13,-4.259999,-0.3051547
13.98013,9.828147,-2.13,-4.259999,-0.3047181
14.00013,9.785547,-2.13,-4.259999,-0.3042828
14.02013,9.742948,-2.13,-4.259999,-0.3038487
14.04013,9.700348,-2.13,-4.259999,-0.3034159
14.06013,9.657748,-2.13,-4.259999,-0.3029843
14.08013,9.615149,-2.13,-4.259999,-0.3025539
14.10013,9.572549,-2.13,-4.259999,-0.3021248
14.12013,9.529949,-2.13,-4.259999,-0.3016968
14.14013,9.48735,-2.13,-4.259999,-0.3012701
14.16013,9.44475,-2.13,-4.259999,-0.3008446
14.18013,9.40215,-2.13,-4.259999,-0.3004202
14.20014,9.35955,-2.13,-4.259999,-0.2999971
14.22014,9.316951,-2.13,-4.259999,-0.2995752
14.24014,9.274351,-2.13,-4.259999,-0.2991544
14.26014,9.231751,-2.13,-4.259999,-0.2987348
14.28014,9.189152,-2.13,-4.259999,-0.2983164
14.30014,9.146552,-2.13,-4.259999,-0.2978992
14.32014,9.103952,-2.13,-4.259999,-0.2974831
14.34014,9.061353,-2.13,-4.259999,-0.2970682
14.36014,9.018753,-2.13,-4.259999,-0.2966545
14.38014,8.976153,-2.13,-4.259999,-0.2962418
14.40014,8.933554,-2.13,-4.259999,-0.2958304
14.42014,8.890954,-2.13,-4.259999,-0.2954201
14.44014,8.848354,-2.13,-4.259999,-0.2950109
14.46014,8.805755,-2.13,-4.259999,-0.2946029
14.48014,8.763155,-2.13,-4.259999,-0.294196
14.50014,8.720555,-2.13,-4.259999,-0.2937902
14.52014,8.677956,-2.13,-4.259999,-0.2933855
14.54014,8.635356,-2.13,-4.259999,-0.292982
14.56014,8.592756,-2.13,-4.259999,-0.2925795
14.58014,8.550157,-2.13,-4.259999,-0.2921781
14.60014,8.507557,-2.13,-4.259999,-0.2917779
14.62014,8.464957,-2.13,-4.259999,-0.2913787
14.64015,8.422358,-2.13,-4.259999,-0.2909807
14.66015,8.379758,-2.13,-4.259999,-0.2905837
14.68015,8.337158,-2.13,-4.259999,-0.2901878
14.70015,8.294559,-2.13,-4.259999,-0.289793
14.72015,8.251959,-2.13,-4.259999,-0.2893992
14.74015,8.209359,-2.13,-4.259999,-0.2890066
14.76015,8.166759,-2.13,-4.259999,-0.2886149
14.78015,8.12416,-2.13,-4.259999,-0.2882244
14.80015,8.08156,-2.13,-4.259999,-0.2878349
14.82015,8.03896,-2.13,-4.259999,-0.2874464
14.84015,7.99636,-2.13,-4.259999,-0.287059
14.86015,7.95376,-2.13,-4.259999,-0.2866727
14.88015,7.91116,-2.13,-4.259999,-0.2862874
14.90015,7.86856,-2.13,-4.259999,-0.2859031
14.92015,7.82596,-2.13,-4.259999,-0.2855198
14.94015,7.78336,-2.13,-4.259999,-0.2851376
14.96015,7.740759,-2.13,-4.259999,-0.2847564
14.98015,7.698159,-2.13,-4.259999,-0.2843762
15.00015,7.655559,-2.13,-4.259999,-0.2839971
15.02015,7.612959,-2.13,-4.259999,-0.2836189
15.04015,7.570359,-2.13,-4.259999,-0.2832417
15.06015,7.527759,-2.13,-4.259999,-0.2828656
15.08016,7.485158,-2.13,-4.259999,-0.2824904
15.10016,7.442558,-2.13,-4.259999,-0.2821162
15.12016,7.399958,-2.13,-4.259999,-0.2817431
15.14016,7.357358,-2.13,-4.259999,-0.2813709
15.16016,7.314758,-2.13,-4.259999,-0.2809997
15.18016,7.272158,-2.13,-4.259999,-0.2806295
15.20016,7.229558,-2.13,-4.259999,-0.2802602
15.22016,7.186957,-2.13,-4.259999,-0.2798919
15.24016,7.144357,-2.13,-4.259999,-0.2795246
15.26016,7.101757,-2.13,-4.259999,-0.2791582
15.28016,7.059157,-2.13,-4.259999,-0.2787929
15.30016,7.016557,-2.13,-4.259999,-0.2784284
15.32016,6.973957,-2.13,-4.259999,-0.2780649
15.34016,6.931356,-2.13,-4.259999,-0.2777024
15.36016,6.888756,-2.13,-4.259999,-0.2773408
15.38016,6.846156,-2.13,-4.259999,-0.2769801
15.40016,6.803556,-2.13,-4.259999,-0.2766204
15.42016,6.760956,-2.13,-4.259999,-0.2762616
15.44016,6.718356,-2.13,-4.259999,-0.2759038
15.46016,6.675756,-2.13,-4.259999,-0.2755468
15.48016,6.633155,-2.13,-4.259999,-0.2751908
15.50016,6.590555,-2.13,-4.259999,-0.2748357
15.52017,6.547955,-2.13,-4.259999,-0.2744816
15.54017,6.505355,-2.13,-4.259999,-0.2741283
15.56017,6.462755,-2.13,-4.259999,-0.2737759
15.58017,6.420155,-2.13,-4.259999,-0.2734245
15.60017,6.377554,-2.13,-4.259999,-0.2730739
15.62017,6.334954,-2.13,-4.259999,-0.2727243
15.64017,6.292354,-2.13,-4.259999,-0.2723756
15.66017,6.249754,-2.13,-4.259999,-0.2720277
15.68017,6.207154,-2.13,-4.259999,-0.2716807
15.70017,6.164554,-2.13,-4.259999,-0.2713346
15.72017,6.121953,-2.13,-4.259999,-0.2709894
15.74017,6.079353,-2.13,-4.259999,-0.2706451
15.76017,6.036753,-2.13,-4.259999,-0.2703016
15.78017,5.994153,-2.13,-4.259999,-0.269959
15.80017,5.951553,-2.13,-4.259999,-0.2696173
15.82017,5.908953,-2.13,-4.259999,-0.2692764
15.84017,5.866353,-2.13,-4.259999,-0.2689364
15.86017,5.823752,-2.13,-4.259999,-0.2685973
15.88017,5.781152,-2.13,-4.259999,-0.268259
15.90017,5.738552,-2.13,-4.259999,-0.2679215
15.92017,5.695952,-2.13,-4.259999,-0.2675849
15.94018,5.653352,-2.13,-4.259999,-0.2672492
15.96018,5.610752,-2.13,-4.259999,-0.2669143
15.98018,5.568151,-2.13,-4.259999,-0.2665803
16.00018,5.525551,-2.13,-4.259999,-0.266247
16.02018,5.482951,-2.13,-4.259999,-0.2659146
16.04018,5.440351,-2.13,-4.259999,-0.2655831
16.06018,5.397751,-2.13,-4.259999,-0.2652523
16.08018,5.355151,-2.13,-4.259999,-0.2649224
16.10018,5.312551,-2.13,-4.259999,-0.2645933
16.12018,5.26995,-2.13,-4.259999,-0.264265
16.14018,5.22735,-2.13,-4.259999,-0.2639376
16.16018,5.18475,-2.13,-4.259999,-0.2636109
16.18018,5.14215,-2.13,-4.259999,-0.263285
16.20018,5.09955,-2.13,-4.259999,-0.26296
16.22018,5.05695,-2.13,-4.259999,-0.2626357
16.24018,5.014349,-2.13,-4.259999,-0.2623123
16.26018,4.971749,-2.13,-4.259999,-0.2619897
16.28018,4.929149,-2.13,-4.259999,-0.2616678
16.30018,4.886549,-2.13,-4.259999,-0.2613467
16.32018,4.843949,-2.13,-4.259999,-0.2610264
16.34018,4.801349,-2.13,-4.259999,-0.2607069
16.36018,4.758749,-2.13,-4.259999,-0.2603882
16.38018,4.716148,-2.13,-4.259999,-0.2600703
16.40018,4.673548,-2.13,-4.259999,-0.2597531
16.42019,4.630948,-2.13,-4.259999,-0.2594367
16.44019,4.588348,-2.13,-4.259999,-0.2591211
16.46019,4.545748,-2.13,-4.259999,-0.2588063
16.48019,4.503148,-2.13,-4.259999,-0.2584922
16.50019,4.460547,-2.13,-4.259999,-0.2581789
16.52019,4.417947,-2.13,-4.259999,-0.2578663
16.54019,4.375347,-2.13,-4.259999,-0.2575545
16.56019,4.332747,-2.13,-4.259999,-0.2572434
16.58019,4.290147,-2.13,-4.259999,-0.2569331
16.60019,4.247547,-2.13,-4.259999,-0.2566235
16.62019,4.204947,-2.13,-4.259999,-0.2563147
16.64019,4.162346,-2.13,-4.259999,-0.2560067
16.66019,4.119746,-2.13,-4.259999,-0.2556993
16.68019,4.077146,-2.13,-4.259999,-0.2553927
16.70019,4.034546,-2.13,-4.259999,-0.2550868
16.72019,3.991946,-2.13,-4.259999,-0.2547817
16.74019,3.949346,-2.13,-4.259999,-0.2544773
16.76019,3.906746,-2.13,-4.259999,-0.2541736
16.78019,3.864146,-2.13,-4.259999,-0.2538707
16.80019,3.821546,-2.13,-4.259999,-0.2535685
16.82019,3.778946,-2.13,-4.259999,-0.253267
16.84019,3.736346,-2.13,-4.259999,-0.2529662
16.8602,3.693747,-2.13,-4.259999,-0.2526661
16.8802,3.651147,-2.13,-4.259999,-0.2523667
16.9002,3.608547,-2.13,-4.259999,-0.252068
16.9202,3.565947,-2.13,-4.259999,-0.2517701
16.9402,3.523347,-2.13,-4.259999,-0.2514728
16.9602,3.480747,-2.13,-4.259999,-0.2511763
16.9802,3.438147,-2.13,-4.259999,-0.2508804
17.0002,3.395547,-2.13,-4.259999,-0.2505853
17.0202,3.352947,-2.13,-4.259999,-0.2502908
17.0402,3.310347,-2.13,-4.259999,-0.249997
17.0602,3.267747,-2.13,-4.259999,-0.2497039
17.0802,3.225147,-2.13,-4.259999,-0.2494116
17.1002,3.182548,-2.13,-4.259999,-0.2491198
17.1202,3.139948,-2.13,-4.259999,-0.2488288
17.1402,3.097348,-2.13,-4.259999,-0.2485385
17.1602,3.054748,-2.13,-4.259999,-0.2482488
17.1802,3.012148,-2.13,-4.259999,-0.2479598
17.2002,2.969548,-2.13,-4.259999,-0.2476715
17.2202,2.926948,-2.13,-4.259999,-0.2473838
17.2402,2.884348,-2.13,-4.259999,-0.2470968
17.2602,2.841748,-2.13,-4.259999,-0.2468105
17.2802,2.799148,-2.13,-4.259999,-0.2465248
17.30021,2.756548,-2.13,-4.259999,-0.2462398
17.32021,2.713948,-2.13,-4.259999,-0.2459555
17.34021,2.671349,-2.13,-4.259999,-0.2456718
17.36021,2.628749,-2.13,-4.259999,-0.2453887
17.38021,2.586149,-2.13,-4.259999,-0.2451064
17.40021,2.543549,-2.13,-4.259999,-0.2448246
17.42021,2.500949,-2.13,-4.259999,-0.2445435
17.44021,2.458349,-2.13,-4.259999,-0.2442631
17.46021,2.415749,-2.13,-4.259999,-0.2439833
17.48021,2.373149,-2.13,-4.259999,-0.2437041
17.50021,2.330549,-2.13,-4.259999,-0.2434256
17.52021,2.287949,-2.13,-4.259999,-0.2431477
17.54021,2.245349,-2.13,-4.259999,-0.2428705
17.56021,2.202749,-2.13,-4.259999,-0.2425939
17.58021,2.16015,-2.13,-4.259999,-0.2423179
17.60021,2.11755,-2.13,-4.259999,-0.2420425
17.62021,2.07495,-2.13,-4.259999,-0.2417678
17.64021,2.03235,-2.13,-4.259999,-0.2414936
17.66021,1.98975,-2.13,-4.259999,-0.2412201
17.68021,1.94715,-2.13,-4.259999,-0.2409473
17.70021,1.90455,-2.13,-4.259999,-0.240675
17.72021,1.86195,-2.13,-4.259999,-0.2404034
17.74022,1.81935,-2.13,-4.259999,-0.2401323
17.76022,1.77675,-2.13,-4.259999,-0.2398619
17.78022,1.73415,-2.13,-4.259999,-0.2395921
17.80022,1.69155,-2.13,-4.259999,-0.2393229
17.82022,1.64895,-2.13,-4.259999,-0.2390543
17.84022,1.606349,-2.13,-4.259999,-0.2387863
17.86022,1.563749,-2.13,-4.259999,-0.2385189
17.88022,1.521149,-2.13,-4.259999,-0.2382521
17.90022,1.478549,-2.13,-4.259999,-0.2379859
17.92022,1.435949,-2.13,-4.259999,-0.2377203
17.94022,1.393349,-2.13,-4.259999,-0.2374552
17.96022,1.350749,-2.13,-4.259999,-0.2371908
17.98022,1.308149,-2.13,-4.259999,-0.236927
18.00022,1.265549,-2.13,-4.259999,-0.2366637
18.02022,1.222949,-2.13,-4.259999,-0.2364011
18.04022,1.180349,-2.13,-4.259999,-0.236139
18.06022,1.137749,-2.13,-4.259999,-0.2358775
18.08022,1.095149,-2.13,-4.259999,-0.2356165
18.10022,1.052549,-2.13,-4.259999,-0.2353562
18.12022,1.009949,-2.13,-4.259999,-0.2350964
18.14022,0.967349,-2.13,-4.259999,-0.2348372
18.16022,0.924749,-2.13,-4.259999,-0.2345785
18.18023,0.882149,-2.13,-4.259999,-0.2343205
18.20023,0.8395491,-2.13,-4.259999,-0.234063
18.22023,0.7969491,-2.13,-4.259999,-0.2338061
18.24023,0.7543491,-2.13,-4.259999,-0.2335497
18.26023,0.7117491,-2.13,-4.259999,-0.2332939
18.28023,0.6691492,-2.13,-4.259999,-0.2330386
18.30023,0.6265492,-2.13,-4.259999,-0.2327839
18.32023,0.5839492,-2.13,-4.259999,-0.2325298
18.34023,0.5413492,-2.13,-4.259999,-0.2322762
18.36023,0.4987493,-2.13,-4.259999,-0.2320232
18.38023,0.4561493,-2.13,-4.259999,-0.2317707
18.40023,0.4135493,-2.13,-4.259999,-0.2315188
18.42023,0.3709493,-2.13,-4.259999,-0.2312674
18.44023,0.3283494,-2.13,-4.259999,-0.2310166
18.46023,0.2857494,-2.13,-4.259999,-0.2307663
18.48023,0.2431494,-2.13,-4.259999,-0.2305165
18.50023,0.2005494,-2.13,-4.259999,-0.2302673
18.52023,0.1579494,-2.13,-4.259999,-0.2300187
18.54023,0.1153494,-2.13,-4.259999,-0.2297705
18.56023,0.07274942,-2.13,-4.259999,-0.2295229
18.58023,0.03014943,-2.13,-4.259999,-0.2292759
18.60023,-0.01245056,-2.13,-4.259999,-0.2290293
18.62024,-0.05505055,-2.13,-4.259999,-0.2287833
18.64024,-0.09765054,-2.13,-4.259999,-0.2285378
18.66024,-0.1402505,-2.13,-4.259999,-0.2282929
18.68024,-0.1828505,-2.13,-4.259999,-0.2280485
18.70024,-0.2254505,-2.13,-4.259999,-0.2278046
18.72024,-0.2680505,-2.13,-4.259999,-0.2275612
18.74024,-0.3106505,-2.13,-4.259999,-0.2273183
18.76024,-0.3532504,-2.13,-4.259999,-0.227076
18.78024,-0.3958504,-2.13,-4.259999,-0.2268341
18.80024,-0.4384504,-2.13,-4.259999,-0.2265928
18.82024,-0.4810504,-2.13,-4.259999,-0.226352
18.84024,-0.5236503,-2.13,-4.259999,-0.2261117
18.86024,-0.5662503,-2.13,-4.259999,-0.225872
18.88024,-0.6088503,-2.13,-4.259999,-0.2256327
18.90024,-0.6514503,-2.13,-4.259999,-0.2253939
18.92024,-0.6940503,-2.13,-4.259999,-0.2251556
18.94024,-0.7366502,-2.13,-4.259999,-0.2249179
18.96024,-0.7792502,-2.13,-4.259999,-0.2246806
18.98024,-0.8218502,-2.13,-4.259999,-0.2244439
19.00024,-0.8644502,-2.13,-4.259999,-0.2242076
19.02024,-0.9070501,-2.13,-4.259999,-0.2239718
19.04025,-0.9496501,-2.13,-4.259999,-0.2237366
19.06025,-0.9922501,-2.13,-4.259999,-0.2235018
19.08025,-1.03485,-2.13,-4.259999,-0.2232675
19.10025,-1.07745,-2.13,-4.259999,-0.2230337
19.12025,-1.12005,-2.13,-4.259999,-0.2228004
19.14025,-1.16265,-2.13,-4.259999,-0.2225676
19.16025,-1.20525,-2.13,-4.259999,-0.2223353
19.18025,-1.24785,-2.13,-4.259999,-0.2221034
19.20025,-1.29045,-2.13,-4.259999,-0.2218721
19.22025,-1.33305,-2.13,-4.259999,-0.2216412
19.24025,-1.37565,-2.13,-4.259999,-0.2214108
19.26025,-1.41825,-2.13,-4.259999,-0.2211809
19.28025,-1.46085,-2.13,-4.259999,-0.2209515
19.30025,-1.503451,-2.13,-4.259999,-0.2207225
19.32025,-1.546051,-2.13,-4.259999,-0.220494
19.34025,-1.588651,-2.13,-4.259999,-0.220266
19.36025,-1.631251,-2.13,-4.259999,-0.2200384
19.38025,-1.673851,-2.13,-4.259999,-0.2198113
19.40025,-1.716451,-2.13,-4.259999,-0.2195847
19.42025,-1.759051,-2.13,-4.259999,-0.2193586
19.44025,-1.801651,-2.13,-4.259999,-0.2191329
19.46025,-1.844251,-2.13,-4.259999,-0.2189077
19.48026,-1.886851,-2.13,-4.259999,-0.2186829
19.50026,-1.929451,-2.13,-4.259999,-0.2184586
19.52026,-1.972051,-2.13,-4.259999,-0.2182348
19.54026,-2.014651,-2.13,-4.259999,-0.2180114
19.56026,-2.057251,-2.13,-4.259999,-0.2177885
19.58026,-2.099851,-2.13,-4.259999,-0.217566
19.60026,-2.142451,-2.13,-4.259999,-0.217344
19.62026,-2.18505,-2.13,-4.259999,-0.2171225
19.64026,-2.22765,-2.13,-4.259999,-0.2169014
19.66026,-2.27025,-2.13,-4.259999,-0.2166807
19.68026,-2.31285,-2.13,-4.259999,-0.2164605
19.70026,-2.35545,-2.13,-4.259999,-0.2162408
19.72026,-2.39805,-2.13,-4.259999,-0.2160214
19.74026,-2.44065,-2.13,-4.259999,-0.2158026
19.76026,-2.48325,-2.13,-4.259999,-0.2155842
19.78026,-2.52585,-2.13,-4.259999,-0.2153662
19.80026,-2.56845,-2.13,-4.259999,-0.2151486
19.82026,-2.61105,-2.13,-4.259999,-0.2149315
19.84026,-2.65365,-2.13,-4.259999,-0.2147149
19.86026,-2.696249,-2.13,-4.259999,-0.2144986
19.88026,-2.738849,-2.13,-4.259999,-0.2142828
19.90026,-2.781449,-2.13,-4.259999,-0.2140675
19.92027,-2.824049,-2.13,-4.259999,-0.2138525
19.94027,-2.866649,-2.13,-4.259999,-0.213638
19.96027,-2.909249,-2.13,-4.259999,-0.213424
19.98027,-2.951849,-2.13,-4.259999,-0.2132103
20.00027,-2.994449,-2.13,-4.259999,-0.2129971
20.02027,-3.037049,-2.13,-4.259999,-0.2127843
20.04027,-3.079649,-2.13,-4.259999,-0.212572
20.06027,-3.122249,-2.13,-4.259999,-0.21236
20.08027,-3.164849,-2.13,-4.259999,-0.2121485
20.10027,-3.207448,-2.13,-4.259999,-0.2119374
20.12027,-3.250048,-2.13,-4.259999,-0.2117267
20.14027,-3.292648,-2.13,-4.259999,-0.2115165
20.16027,-3.335248,-2.13,-4.259999,-0.2113066
20.18027,-3.377848,-2.13,-4.259999,-0.2110972
20.20027,-3.420448,-2.13,-4.259999,-0.2108882
20.22027,-3.463048,-2.13,-4.259999,-0.2106796
20.24027,-3.505648,-2.13,-4.259999,-0.2104714
20.26027,-3.548248,-2.13,-4.259999,-0.2102637
20.28027,-3.590848,-2.13,-4.259999,-0.2100563
20.30027,-3.633448,-2.13,-4.259999,-0.2098493
20.32027,-3.676048,-2.13,-4.259999,-0.2096428
20.34027,-3.718647,-2.13,-4.259999,-0.2094367
20.36028,-3.761247,-2.13,-4.259999,-0.2092309
20.38028,-3.803847,-2.13,-4.259999,-0.2090256
20.40028,-3.846447,-2.13,-4.259999,-0.2088207
20.42028,-3.889047,-2.13,-4.259999,-0.2086161
20.44028,-3.931647,-2.13,-4.259999,-0.208412
20.46028,-3.974247,-2.13,-4.259999,-0.2082083
20.48028,-4.016847,-2.13,-4.259999,-0.208005
20.50028,-4.059447,-2.13,-4.259999,-0.207802
20.52028,-4.102047,-2.13,-4.259999,-0.2075995
20.54028,-4.144648,-2.13,-4.259999,-0.2073973
20.56028,-4.187248,-2.13,-4.259999,-0.2071956
20.58028,-4.229848,-2.13,-4.259999,-0.2069942
20.60028,-4.272448,-2.13,-4.259999,-0.2067933
20.62028,-4.315048,-2.13,-4.259999,-0.2065927
20.64028,-4.357648,-2.13,-4.259999,-0.2063925
20.66028,-4.400249,-2.13,-4.259999,-0.2061927
20.68028,-4.442849,-2.13,-4.259999,-0.2059933
20.70028,-4.485449,-2.13,-4.259999,-0.2057942
20.72028,-4.528049,-2.13,-4.259999,-0.2055956
20.74028,-4.570649,-2.13,-4.259999,-0.2053974
20.76028,-4.613249,-2.13,-4.259999,-0.2051995
20.78028,-4.655849,-2.13,-4.259999,-0.205002
20.80029,-4.69845,-2.13,-4.259999,-0.2048049
20.82029,-4.74105,-2.13,-4.259999,-0.2046081
20.84029,-4.78365,-2.13,-4.259999,-0.2044117
20.86029,-4.82625,-2.13,-4.259999,-0.2042158
20.88029,-4.86885,-2.13,-4.259999,-0.2040201
20.90029,-4.91145,-2.13,-4.259999,-0.2038249
20.92029,-4.954051,-2.13,-4.259999,-0.20363
20.94029,-4.996651,-2.13,-4.259999,-0.2034356
20.96029,-5.039251,-2.13,-4.259999,-0.2032414
20.98029,-5.081851,-2.13,-4.259999,-0.2030477
21.00029,-5.124451,-2.13,-4.259999,-0.2028543
21.02029,-5.167051,-2.13,-4.259999,-0.2026613
21.04029,-5.209651,-2.13,-4.259999,-0.2024686
21.06029,-5.252252,-2.13,-4.259999,-0.2022764
21.08029,-5.294852,-2.13,-4.259999,-0.2020845
21.10029,-5.337452,-2.13,-4.259999,-0.2018929
21.12029,-5.380052,-2.13,-4.259999,-0.2017017
21.14029,-5.422652,-2.13,-4.259999,-0.2015109
21.16029,-5.465252,-2.13,-4.259999,-0.2013204
21.18029,-5.507853,-2.13,-4.259999,-0.2011303
21.20029,-5.550453,-2.13,-4.259999,-0.2009406
21.22029,-5.593053,-2.13,-4.259999,-0.2007512
21.2403,-5.635653,-2.13,-4.259999,-0.2005621
21.2603,-5.678253,-2.13,-4.259999,-0.2003735
21.2803,-5.720853,-2.13,-4.259999,-0.2001851
21.3003,-5.763453,-2.13,-4.259999,-0.1999972
21.3203,-5.806054,-2.13,-4.259999,-0.1998096
21.3403,-5.848654,-2.13,-4.259999,-0.1996223
21.3603,-5.891254,-2.13,-4.259999,-0.1994354
21.3803,-5.933854,-2.13,-4.259999,-0.1992488
21.4003,-5.976454,-2.13,-4.259999,-0.1990626
21.4203,-6.019054,-2.13,-4.259999,-0.1988767
21.4403,-6.061655,-2.13,-4.259999,-0.1986912
21.4603,-6.104255,-2.13,-4.259999,-0.198506
21.4803,-6.146855,-2.13,-4.259999,-0.1983212
21.5003,-6.189455,-2.13,-4.259999,-0.1981367
21.5203,-6.232055,-2.13,-4.259999,-0.1979526
21.5403,-6.274655,-2.13,-4.259999,-0.1977688
21.5603,-6.317255,-2.13,-4.259999,-0.1975853
21.5803,-6.359856,-2.13,-4.259999,-0.1974022
21.6003,-6.402456,-2.13,-4.259999,-0.1972194
21.6203,-6.445056,-2.13,-4.259999,-0.197037
21.6403,-6.487656,-2.13,-4.259999,-0.1968549
21.66031,-6.530256,-2.13,-4.259999,-0.1966731
21.68031,-6.572856,-2.13,-4.259999,-0.1964917
21.70031,-6.615457,-2.13,-4.259999,-0.1963106
21.72031,-6.658057,-2.13,-4.259999,-0.1961298
21.74031,-6.700657,-2.13,-4.259999,-0.1959494
21.76031,-6.743257,-2.13,-4.259999,-0.1957693
21.78031,-6.785857,-2.13,-4.259999,-0.1955895
21.80031,-6.828457,-2.13,-4.259999,-0.19541
21.82031,-6.871058,-2.13,-4.259999,-0.1952309
21.84031,-6.913658,-2.13,-4.259999,-0.1950521
21.86031,-6.956258,-2.13,-4.259999,-0.1948737
21.88031,-6.998858,-2.13,-4.259999,-0.1946956
21.90031,-7.041458,-2.13,-4.259999,-0.1945178
21.92031,-7.084058,-2.13,-4.259999,-0.1943403
21.94031,-7.126658,-2.13,-4.259999,-0.1941631
21.96031,-7.169259,-2.13,-4.259999,-0.1939863
21.98031,-7.211859,-2.13,-4.259999,-0.1938098
22.00031,-7.254459,-2.13,-4.259999,-0.1936336
22.02031,-7.297059,-2.13,-4.259999,-0.1934577
22.04031,-7.339659,-2.13,-4.259999,-0.1932822
22.06031,-7.382259,-2.13,-4.259999,-0.1931069
22.08031,-7.42486,-2.13,-4.259999,-0.192932
22.10032,-7.46746,-2.13,-4.259999,-0.1927574
22.12032,-7.51006,-2.13,-4.259999,-0.1925831
22.14032,-7.55266,-2.13,-4.259999,-0.1924091
22.16032,-7.59526,-2.13,-4.259999,-0.1922355
22.18032,-7.63786,-2.13,-4.259999,-0.1920621
22.20032,-7.68046,-2.13,-4.259999,-0.1918891
22.22032,-7.723061,-2.13,-4.259999,-0.1917164
22.24032,-7.765661,-2.13,-4.259999,-0.191544
22.26032,-7.808261,-2.13,-4.259999,-0.1913719
22.28032,-7.850861,-2.13,-4.259999,-0.1912001
22.30032,-7.893461,-2.13,-4.259999,-0.1910286
22.32032,-7.936061,-2.13,-4.259999,-0.1908574
22.34032,-7.978662,-2.13,-4.259999,-0.1906866
22.36032,-8.021261,-2.13,-4.259999,-0.190516
22.38032,-8.063861,-2.13,-4.259999,-0.1903458
22.40032,-8.106461,-2.13,-4.259999,-0.1901758
22.42032,-8.14906,-2.13,-4.259999,-0.1900062
22.44032,-8.19166,-2.13,-4.259999,-0.1898368
22.46032,-8.23426,-2.13,-4.259999,-0.1896678
22.48032,-8.276859,-2.13,-4.259999,-0.189499
22.50032,-8.319459,-2.13,-4.259999,-0.1893306
22.52032,-8.362059,-2.13,-4.259999,-0.1891624
22.54033,-8.404658,-2.13,-4.259999,-0.1889946
22.56033,-8.447258,-2.13,-4.259999,-0.188827
22.58033,-8.489858,-2.13,-4.259999,-0.1886598
22.60033,-8.515215,-1.267846,-2.535693,-0.1121972
22.62033,-8.536515,-1.065,-2.13,-0.09416308
22.64033,-8.557816,-1.065,-2.13,-0.0940799
22.66033,-8.579116,-1.065,-2.13,-0.09399686
22.68033,-8.600416,-1.065,-2.13,-0.09391396
22.70033,-8.621716,-1.065,-2.13,-0.09383123
22.72033,-8.643017,-1.065,-2.13,-0.09374862
22.74033,-8.664317,-1.065,-2.13,-0.09366617
22.76033,-8.685617,-1.065,-2.13,-0.09358387
22.78033,-8.706918,-1.065,-2.13,-0.0935017
22.80033,-8.728218,-1.065,-2.13,-0.09341968
22.82033,-8.749518,-1.065,-2.13,-0.0933378
22.84033,-8.770819,-1.065,-2.13,-0.09325607
22.86033,-8.792119,-1.065,-2.13,-0.09317448
22.88033,-8.813419,-1.065,-2.13,-0.09309304
22.90033,-8.83472,-1.065,-2.13,-0.09301173
22.92033,-8.85602,-1.065,-2.13,-0.09293057
22.94033,-8.87732,-1.065,-2.13,-0.09284955
22.96033,-8.898621,-1.065,-2.13,-0.09276867
22.98034,-8.919921,-1.065,-2.13,-0.09268793
23.00034,-8.941221,-1.065,-2.13,-0.09260733
23.02034,-8.962522,-1.065,-2.13,-0.09252687
23.04034,-8.983822,-1.065,-2.13,-0.09244655
23.06034,-9.005122,-1.065,-2.13,-0.09236637
23.08034,-9.026423,-1.065,-2.13,-0.09228633
23.10034,-9.047723,-1.065,-2.13,-0.09220643
23.12034,-9.069023,-1.065,-2.13,-0.09212666
23.14034,-9.090323,-1.065,-2.13,-0.09204704
23.16034,-9.111624,-1.065,-2.13,-0.09196755
23.18034,-9.132924,-1.065,-2.13,-0.0918882
23.20034,-9.154224,-1.065,-2.13,-0.09180898
23.22034,-9.175525,-1.065,-2.13,-0.0917299
23.24034,-9.196825,-1.065,-2.13,-0.09165096
23.26034,-9.218125,-1.065,-2.13,-0.09157216
23.28034,-9.239426,-1.065,-2.13,-0.09149349
23.30034,-9.260726,-1.065,-2.13,-0.09141495
23.32034,-9.282026,-1.065,-2.13,-0.09133655
23.34034,-9.303327,-1.065,-2.13,-0.09125828
23.36034,-9.324627,-1.065,-2.13,-0.09118015
23.38034,-9.345927,-1.065,-2.13,-0.09110215
23.40034,-9.367228,-1.065,-2.13,-0.09102429
23.42035,-9.388528,-1.065,-2.13,-0.09094655
23.44035,-9.409828,-1.065,-2.13,-0.09086895
23.46035,-9.431129,-1.065,-2.13,-0.09079149
23.48035,-9.452429,-1.065,-2.13,-0.09071415
23.50035,-9.473729,-1.065,-2.13,-0.09063695
23.52035,-9.495029,-1.065,-2.13,-0.09055987
23.54035,-9.51633,-1.065,-2.13,-0.09048293
23.56035,-9.53763,-1.065,-2.13,-0.09040612
23.58035,-9.55893,-1.065,-2.13,-0.09032944
23.60035,-9.580231,-1.065,-2.13,-0.09025288
23.62035,-9.601531,-1.065,-2.13,-0.09017646
23.64035,-9.622831,-1.065,-2.13,-0.09010017
23.66035,-9.644132,-1.065,-2.13,-0.09002401
23.68035,-9.665432,-1.065,-2.13,-0.08994798
23.70035,-9.686732,-1.065,-2.13,-0.08987207
23.72035,-9.708033,-1.065,-2.13,-0.08979629
23.74035,-9.729333,-1.065,-2.13,-0.08972064
23.76035,-9.750633,-1.065,-2.13,-0.08964512
23.78035,-9.771934,-1.065,-2.13,-0.08956972
23.80035,-9.793234,-1.065,-2.13,-0.08949445
23.82035,-9.814534,-1.065,-2.13,-0.08941931
23.84035,-9.835835,-1.065,-2.13,-0.08934429
23.86036,-9.857135,-1.065,-2.13,-0.0892694
23.88036,-9.878435,-1.065,-2.13,-0.08919463
23.90036,-9.899735,-1.065,-2.13,-0.08911999
23.92036,-9.921036,-1.065,-2.13,-0.08904548
23.94036,-9.942336,-1.065,-2.13,-0.08897109
23.96036,-9.963636,-1.065,-2.13,-0.08889682
23.98036,-9.984937,-1.065,-2.13,-0.08882268
24.00036,-10.00624,-1.065,-2.13,-0.08874866
24.02036,-10.02754,-1.065,-2.13,-0.08867476
24.04036,-10.04884,-1.065,-2.13,-0.08860099
24.06036,-10.07014,-1.065,-2.13,-0.08852734
24.08036,-10.09144,-1.065,-2.13,-0.08845381
24.10036,-10.11274,-1.065,-2.13,-0.0883804
24.12036,-10.13404,-1.065,-2.13,-0.08830712
24.14036,-10.15534,-1.065,-2.13,-0.08823396
24.16036,-10.17664,-1.065,-2.13,-0.08816092
24.18036,-10.19794,-1.065,-2.13,-0.08808799
24.20036,-10.21924,-1.065,-2.13,-0.08801519
24.22036,-10.24054,-1.065,-2.13,-0.08794251
24.24036,-10.26184,-1.065,-2.13,-0.08786995
24.26036,-10.28314,-1.065,-2.13,-0.08779752
24.28036,-10.30444,-1.065,-2.13,-0.08772519
24.30037,-10.32574,-1.065,-2.13,-0.08765299
24.32037,-10.34704,-1.065,-2.13,-0.0875809
24.34037,-10.36834,-1.065,-2.13,-0.08750894
24.36037,-10.38964,-1.065,-2.13,-0.08743709
24.38037,-10.41094,-1.065,-2.13,-0.08736537
24.40037,-10.43224,-1.065,-2.13,-0.08729375
24.42037,-10.45354,-1.065,-2.13,-0.08722226
24.44037,-10.47484,-1.065,-2.13,-0.08715088
24.46037,-10.49614,-1.065,-2.13,-0.08707962
24.48037,-10.51744,-1.065,-2.13,-0.08700848
24.50037,-10.53874,-1.065,-2.13,-0.08693745
24.52037,-10.56005,-1.065,-2.13,-0.08686654
24.54037,-10.58135,-1.065,-2.13,-0.08679574
24.56037,-10.60265,-1.065,-2.13,-0.08672506
24.58037,-10.62395,-1.065,-2.13,-0.08665449
24.60037,-10.64525,-1.065,-2.13,-0.08658404
24.62037,-10.66655,-1.065,-2.13,-0.08651371
24.64037,-10.68785,-1.065,-2.13,-0.08644348
24.66037,-10.70915,-1.065,-2.13,-0.08637337
24.68037,-10.73045,-1.065,-2.13,-0.08630338
24.70037,-10.75175,-1.065,-2.13,-0.0862335
24.72038,-10.77305,-1.065,-2.13,-0.08616373
24.74038,-10.79435,-1.065,-2.13,-0.08609407
24.76038,-10.81565,-1.065,-2.13,-0.08602453
24.78038,-10.83695,-1.065,-2.13,-0.0859551
24.80038,-10.85825,-1.065,-2.13,-0.08588578
24.82038,-10.87955,-1.065,-2.13,-0.08581657
24.84038,-10.90085,-1.065,-2.13,-0.08574747
24.86038,-10.92215,-1.065,-2.13,-0.08567849
24.88038,-10.94345,-1.065,-2.13,-0.08560961
24.90038,-10.96475,-1.065,-2.13,-0.08554085
24.92038,-10.98605,-1.065,-2.13,-0.0854722
24.94038,-11.00735,-1.065,-2.13,-0.08540366
24.96038,-11.02865,-1.065,-2.13,-0.08533522
24.98038,-11.04995,-1.065,-2.13,-0.0852669
25.00038,-11.07125,-1.065,-2.13,-0.08519869
25.02038,-11.09255,-1.065,-2.13,-0.08513058
25.04038,-11.11385,-1.065,-2.13,-0.08506259
25.06038,-11.13515,-1.065,-2.13,-0.0849947
25.08038,-11.15645,-1.065,-2.13,-0.08492692
25.10038,-11.17775,-1.065,-2.13,-0.08485924
25.12038,-11.19905,-1.065,-2.13,-0.08479168
25.14038,-11.22036,-1.065,-2.13,-0.08472423
25.16039,-11.24166,-1.065,-2.13,-0.08465688
25.18039,-11.26296,-1.065,-2.13,-0.08458964
25.20039,-11.28426,-1.065,-2.13,-0.0845225
25.22039,-11.30556,-1.065,-2.13,-0.08445548
25.24039,-11.32686,-1.065,-2.13,-0.08438855
25.26039,-11.34816,-1.065,-2.13,-0.08432173
25.28039,-11.36946,-1.065,-2.13,-0.08425502
25.30039,-11.39076,-1.065,-2.13,-0.08418842
25.32039,-11.41206,-1.065,-2.13,-0.08412192
25.34039,-11.43336,-1.065,-2.13,-0.08405552
25.36039,-11.45466,-1.065,-2.13,-0.08398923
25.38039,-11.47596,-1.065,-2.13,-0.08392304
25.40039,-11.49726,-1.065,-2.13,-0.08385696
25.42039,-11.51856,-1.065,-2.13,-0.08379099
25.44039,-11.53986,-1.065,-2.13,-0.08372511
25.46039,-11.56116,-1.065,-2.13,-0.08365934
25.48039,-11.58246,-1.065,-2.13,-0.08359367
25.50039,-11.60376,-1.065,-2.13,-0.08352811
25.52039,-11.62506,-1.065,-2.13,-0.08346265
25.54039,-11.64636,-1.065,-2.13,-0.08339729
25.56039,-11.66766,-1.065,-2.13,-0.08333203
25.58039,-11.68896,-1.065,-2.13,-0.08326688
25.6004,-11.71026,-1.065,-2.13,-0.08320183
25.6204,-11.73156,-1.065,-2.13,-0.08313688
25.6404,-11.75286,-1.065,-2.13,-0.08307203
25.6604,-11.77416,-1.065,-2.13,-0.08300728
25.6804,-11.79546,-1.065,-2.13,-0.08294263
25.7004,-11.81676,-1.065,-2.13,-0.08287808
25.7204,-11.83806,-1.065,-2.13,-0.08281364
25.7404,-11.85936,-1.065,-2.13,-0.08274928
25.7604,-11.88066,-1.065,-2.13,-0.08268504
25.7804,-11.90197,-1.065,-2.13,-0.0826209
25.8004,-11.92327,-1.065,-2.13,-0.08255684
25.8204,-11.94457,-1.065,-2.13,-0.0824929
25.8404,-11.96587,-1.065,-2.13,-0.08242905
25.8604,-11.98717,-1.065,-2.13,-0.0823653
25.8804,-12.00847,-1.065,-2.13,-0.08230165
25.9004,-12.02977,-1.065,-2.13,-0.08223809
25.9204,-12.05107,-1.065,-2.13,-0.08217464
25.9404,-12.07237,-1.065,-2.13,-0.08211128
25.9604,-12.09367,-1.065,-2.13,-0.08204802
25.9804,-12.11497,-1.065,-2.13,-0.08198486
26.0004,-12.13627,-1.065,-2.13,-0.08192179
26.0204,-12.15757,-1.065,-2.13,-0.08185882
26.04041,-12.17887,-1.065,-2.13,-0.08179595
26.06041,-12.20017,-1.065,-2.13,-0.08173317
26.08041,-12.22147,-1.065,-2.13,-0.08167049
26.10041,-12.24277,-1.065,-2.13,-0.08160791
26.12041,-12.26407,-1.065,-2.13,-0.08154542
26.14041,-12.28537,-1.065,-2.13,-0.08148303
26.16041,-12.30667,-1.065,-2.13,-0.08142073
26.18041,-12.32797,-1.065,-2.13,-0.08135854
26.20041,-12.34927,-1.065,-2.13,-0.08129643
26.22041,-12.37057,-1.065,-2.13,-0.08123442
26.24041,-12.39187,-1.065,-2.13,-0.0811725
26.26041,-12.41317,-1.065,-2.13,-0.08111068
26.28041,-12.43447,-1.065,-2.13,-0.08104895
26.30041,-12.45577,-1.065,-2.13,-0.08098731
26.32041,-12.47707,-1.065,-2.13,-0.08092577
26.34041,-12.49837,-1.065,-2.13,-0.08086433
26.36041,-12.51967,-1.065,-2.13,-0.08080297
26.38041,-12.54097,-1.065,-2.13,-0.08074171
26.40041,-12.56227,-1.065,-2.13,-0.08068054
26.42041,-12.58358,-1.065,-2.13,-0.08061946
26.44041,-12.60488,-1.065,-2.13,-0.08055848
26.46041,-12.62618,-1.065,-2.13,-0.08049759
26.48042,-12.64748,-1.065,-2.13,-0.08043679
26.50042,-12.66878,-1.065,-2.13,-0.08037608
26.52042,-12.69008,-1.065,-2.13,-0.08031547
26.54042,-12.71138,-1.065,-2.13,-0.08025494
26.56042,-12.73268,-1.065,-2.13,-0.08019451
26.58042,-12.75398,-1.065,-2.13,-0.08013417
26.60042,-12.77528,-1.065,-2.13,-0.08007392
26.62042,-12.79658,-1.065,-2.13,-0.08001375
26.64042,-12.81788,-1.065,-2.13,-0.07995369
26.66042,-12.83918,-1.065,-2.13,-0.0798937
26.68042,-12.86048,-1.065,-2.13,-0.07983381
26.70042,-12.88178,-1.065,-2.13,-0.07977401
26.72042,-12.90308,-1.065,-2.13,-0.0797143
26.74042,-12.92438,-1.065,-2.13,-0.07965468
26.76042,-12.94568,-1.065,-2.13,-0.07959514
26.78042,-12.96698,-1.065,-2.13,-0.0795357
26.80042,-12.98828,-1.065,-2.13,-0.07947634
26.82042,-13.00958,-1.065,-2.13,-0.07941708
26.84042,-13.03088,-1.065,-2.13,-0.0793579
26.86042,-13.05218,-1.065,-2.13,-0.07929881
26.88042,-13.07348,-1.065,-2.13,-0.07923981
26.90042,-13.09478,-1.065,-2.13,-0.07918089
26.92043,-13.11608,-1.065,-2.13,-0.07912207
26.94043,-13.13738,-1.065,-2.13,-0.07906333
26.96043,-13.15868,-1.065,-2.13,-0.07900468
26.98043,-13.17998,-1.065,-2.13,-0.07894611
27.00043,-13.20128,-1.065,-2.13,-0.07888763
27.02043,-13.22258,-1.065,-2.13,-0.07882924
27.04043,-13.24389,-1.065,-2.13,-0.07877093
27.06043,-13.26519,-1.065,-2.13,-0.07871271
27.08043,-13.28649,-1.065,-2.13,-0.07865457
27.10043,-13.30779,-1.065,-2.13,-0.07859652
27.12043,-13.32909,-1.065,-2.13,-0.07853857
27.14043,-13.35039,-1.065,-2.13,-0.07848069
27.16043,-13.37169,-1.065,-2.13,-0.0784229
27.18043,-13.39299,-1.065,-2.13,-0.07836519
27.20043,-13.41429,-1.065,-2.13,-0.07830757
27.22043,-13.43559,-1.065,-2.13,-0.07825003
27.24043,-13.45689,-1.065,-2.13,-0.07819258
27.26043,-13.47819,-1.065,-2.13,-0.07813521
27.28043,-13.49949,-1.065,-2.13,-0.07807793
27.30043,-13.52079,-1.065,-2.13,-0.07802072
27.32043,-13.54209,-1.065,-2.13,-0.07796361
27.34044,-13.56339,-1.065,-2.13,-0.07790657
27.36044,-13.58469,-1.065,-2.13,-0.07784963
27.38044,-13.60599,-1.065,-2.13,-0.07779276
27.40044,-13.62729,-1.065,-2.13,-0.07773598
27.42044,-13.64859,-1.065,-2.13,-0.07767928
27.44044,-13.66989,-1.065,-2.13,-0.07762266
27.46044,-13.69119,-1.065,-2.13,-0.07756612
27.48044,-13.71249,-1.065,-2.13,-0.07750967
27.50044,-13.73379,-1.065,-2.13,-0.0774533
27.52044,-13.75509,-1.065,-2.13,-0.07739701
27.54044,-13.77639,-1.065,-2.13,-0.0773408
27.56044,-13.79769,-1.065,-2.13,-0.07728467
27.58044,-13.81899,-1.065,-2.13,-0.07722863
27.60044,-13.84029,-1.065,-2.13,-0.07717267
27.62044,-13.86159,-1.065,-2.13,-0.07711679
27.64044,-13.88289,-1.065,-2.13,-0.07706098
27.66044,-13.90419,-1.065,-2.13,-0.07700526
27.68044,-13.9255,-1.065,-2.13,-0.07694963
27.70044,-13.9468,-1.065,-2.13,-0.07689406
27.72044,-13.9681,-1.065,-2.13,-0.07683858
27.74044,-13.9894,-1.065,-2.13,-0.07678319
27.76044,-14.0107,-1.065,-2.13,-0.07672787
27.78045,-14.032,-1.065,-2.13,-0.07667262
27.80045,-14.0533,-1.065,-2.13,-0.07661746
27.82045,-14.0746,-1.065,-2.13,-0.07656238
27.84045,-14.0959,-1.065,-2.13,-0.07650738
27.86045,-14.1172,-1.065,-2.13,-0.07645246
27.88045,-14.1385,-1.065,-2.13,-0.07639761
27.90045,-14.1598,-1.065,-2.13,-0.07634285
27.92045,-14.1811,-1.065,-2.13,-0.07628816
27.94045,-14.2024,-1.065,-2.13,-0.07623355
27.96045,-14.2237,-1.065,-2.13,-0.07617902
27.98045,-14.245,-1.065,-2.13,-0.07612457
28.00045,-14.2663,-1.065,-2.13,-0.07607019
28.02045,-14.2876,-1.065,-2.13,-0.0760159
28.04045,-14.3089,-1.065,-2.13,-0.07596167
28.06045,-14.3302,-1.065,-2.13,-0.07590754
28.08045,-14.3515,-1.065,-2.13,-0.07585347
28.10045,-14.3728,-1.065,-2.13,-0.07579948
28.12045,-14.3941,-1.065,-2.13,-0.07574557
28.14045,-14.4154,-1.065,-2.13,-0.07569173
28.16045,-14.4367,-1.065,-2.13,-0.07563797
28.18045,-14.458,-1.065,-2.13,-0.07558429
28.20045,-14.4793,-1.065,-2.13,-0.07553069
28.22046,-14.5006,-1.065,-2.13,-0.07547715
28.24046,-14.5219,-1.065,-2.13,-0.0754237
28.26046,-14.5432,-1.065,-2.13,-0.07537032
28.28046,-14.5645,-1.065,-2.13,-0.07531702
28.30046,-14.5858,-1.065,-2.13,-0.07526379
28.32046,-14.6071,-1.065,-2.13,-0.07521064
28.34046,-14.6284,-1.065,-2.13,-0.07515756
28.36046,-14.6497,-1.065,-2.13,-0.07510456
28.38046,-14.671,-1.065,-2.13,-0.07505163
28.40046,-14.6923,-1.065,-2.13,-0.07499877
28.42046,-14.7136,-1.065,-2.13,-0.07494599
28.44046,-14.7349,-1.065,-2.13,-0.07489329
28.46046,-14.7562,-1.065,-2.13,-0.07484066
28.48046,-14.7775,-1.065,-2.13,-0.0747881
28.50046,-14.7988,-1.065,-2.13,-0.07473562
28.52046,-14.8201,-1.065,-2.13,-0.07468321
28.54046,-14.8414,-1.065,-2.13,-0.07463087
28.56046,-14.8627,-1.065,-2.13,-0.07457861
28.58046,-14.884,-1.065,-2.13,-0.07452642
28.60046,-14.9053,-1.065,-2.13,-0.0744743
28.62046,-14.9266,-1.065,-2.13,-0.07442226
28.64046,-14.9479,-1.065,-2.13,-0.07437029
28.66047,-14.9692,-1.065,-2.13,-0.07431839
28.68047,-14.9905,-1.065,-2.13,-0.07426656
28.70047,-15.0118,-1.065,-2.13,-0.07421481
28.72047,-15.0331,-1.065,-2.13,-0.07416313
28.74047,-15.0544,-1.065,-2.13,-0.07411152
28.76047,-15.0757,-1.065,-2.13,-0.07405998
28.78047,-15.097,-1.065,-2.13,-0.07400851
28.80047,-15.1183,-1.065,-2.13,-0.07395712
28.82047,-15.1396,-1.065,-2.13,-0.0739058
28.84047,-15.1609,-1.065,-2.13,-0.07385454
28.86047,-15.1822,-1.065,-2.13,-0.07380336
28.88047,-15.2035,-1.065,-2.13,-0.07375225
28.90047,-15.2248,-1.065,-2.13,-0.07370121
28.92047,-15.2461,-1.065,-2.13,-0.07365024
28.94047,-15.2674,-1.065,-2.13,-0.07359934
28.96047,-15.2887,-1.065,-2.13,-0.07354851
28.98047,-15.31,-1.065,-2.13,-0.07349776
29.00047,-15.3313,-1.065,-2.13,-0.07344706
29.02047,-15.3526,-1.065,-2.13,-0.07339644
29.04047,-15.3739,-1.065,-2.13,-0.0733459
29.06047,-15.3952,-1.065,-2.13,-0.07329542
29.08047,-15.4165,-1.065,-2.13,-0.07324501
29.10048,-15.4378,-1.065,-2.13,-0.07319467
29.12048,-15.4591,-1.065,-2.13,-0.0731444
29.14048,-15.4804,-1.065,-2.13,-0.0730942
29.16048,-15.5017,-1.065,-2.13,-0.07304406
29.18048,-15.523,-1.065,-2.13,-0.07299399
29.20048,-15.5443,-1.065,-2.13,-0.072944
29.22048,-15.5656,-1.065,-2.13,-0.07289407
29.24048,-15.5869,-1.065,-2.13,-0.07284421
29.26048,-15.6082,-1.065,-2.13,-0.07279442
29.28048,-15.6295,-1.065,-2.13,-0.0727447
29.30048,-15.6508,-1.065,-2.13,-0.07269504
29.32048,-15.6721,-1.065,-2.13,-0.07264546
29.34048,-15.6934,-1.065,-2.13,-0.07259593
29.36048,-15.7147,-1.065,-2.13,-0.07254648
29.38048,-15.736,-1.065,-2.13,-0.0724971
29.40048,-15.7573,-1.065,-2.13,-0.07244778
29.42048,-15.7786,-1.065,-2.13,-0.07239853
29.44048,-15.7999,-1.065,-2.13,-0.07234935
29.46048,-15.8212,-1.065,-2.13,-0.07230023
29.48048,-15.8425,-1.065,-2.13,-0.07225118
29.50048,-15.8638,-1.065,-2.13,-0.07220219
29.52048,-15.8851,-1.065,-2.13,-0.07215328
29.54049,-15.9064,-1.065,-2.13,-0.07210442
29.56049,-15.9277,-1.065,-2.13,-0.07205564
29.58049,-15.949,-1.065,-2.13,-0.07200692
29.60049,-15.9703,-1.065,-2.13,-0.07195827
29.62049,-15.9916,-1.065,-2.13,-0.07190967
29.64049,-16.0129,-1.065,-2.13,-0.07186116
29.66049,-16.0342,-1.065,-2.13,-0.0718127
29.68049,-16.0555,-1.065,-2.13,-0.07176431
29.70049,-16.0768,-1.065,-2.13,-0.07171598
29.72049,-16.0981,-1.065,-2.13,-0.07166772
29.74049,-16.1194,-1.065,-2.13,-0.07161952
29.76049,-16.1407,-1.065,-2.13,-0.07157139
29.78049,-16.162,-1.065,-2.13,-0.07152332
29.80049,-16.1833,-1.065,-2.13,-0.07147532
29.82049,-16.2046,-1.065,-2.13,-0.07142738
29.84049,-16.2259,-1.065,-2.13,-0.07137951
29.86049,-16.2472,-1.065,-2.13,-0.07133169
29.88049,-16.2685,-1.065,-2.13,-0.07128395
29.90049,-16.2898,-1.065,-2.13,-0.07123627
29.92049,-16.3111,-1.065,-2.13,-0.07118865
29.94049,-16.3324,-1.065,-2.13,-0.07114109
29.96049,-16.3537,-1.065,-2.13,-0.0710936
29.9805,-16.375,-1.065,-2.13,-0.07104618
30.0005,-16.3963,-1.065,-2.13,-0.07099882
30.0205,-16.4176,-1.065,-2.13,-0.07095151
30.0405,-16.4389,-1.065,-2.13,-0.07090428
30.0605,-16.4602,-1.065,-2.13,-0.0708571
30.0805,-16.4815,-1.065,-2.13,-0.07080999
30.1005,-16.5028,-1.065,-2.13,-0.07076294
30.1205,-16.5241,-1.065,-2.13,-0.07071595
30.1405,-16.5454,-1.065,-2.13,-0.07066903
30.1605,-16.5667,-1.065,-2.13,-0.07062216
30.1805,-16.588,-1.065,-2.13,-0.07057536
30.2005,-16.6093,-1.065,-2.13,-0.07052862
